--------------------------------------------------------
--  파일이 생성됨 - 화요일-6월-22-2021   
--------------------------------------------------------
DROP TABLE "OOTD"."ATTACHMENT" cascade constraints;
DROP TABLE "OOTD"."BANK" cascade constraints;
DROP TABLE "OOTD"."CART" cascade constraints;
DROP TABLE "OOTD"."MEMBER" cascade constraints;
DROP TABLE "OOTD"."O_ORDER" cascade constraints;
DROP TABLE "OOTD"."O_ORDER_LIST" cascade constraints;
DROP TABLE "OOTD"."PRODUCT" cascade constraints;
DROP TABLE "OOTD"."PURCHASE" cascade constraints;
DROP TABLE "OOTD"."REVIEW" cascade constraints;
DROP TABLE "OOTD"."SALE_LIST" cascade constraints;
--------------------------------------------------------
--  DDL for Table ATTACHMENT
--------------------------------------------------------

  CREATE TABLE "OOTD"."ATTACHMENT" 
   (	"ATT_NO" NUMBER, 
	"ATT_NAME" VARCHAR2(100 BYTE), 
	"ATT_DATE" DATE DEFAULT SYSDATE, 
	"ATT_LEVEL" NUMBER(1,0), 
	"ATT_STATUS" CHAR(1 BYTE) DEFAULT 'Y', 
	"PRODUCT_NO" NUMBER
   ) SEGMENT CREATION IMMEDIATE 
  PCTFREE 10 PCTUSED 40 INITRANS 1 MAXTRANS 255 NOCOMPRESS LOGGING
  STORAGE(INITIAL 65536 NEXT 1048576 MINEXTENTS 1 MAXEXTENTS 2147483645
  PCTINCREASE 0 FREELISTS 1 FREELIST GROUPS 1 BUFFER_POOL DEFAULT FLASH_CACHE DEFAULT CELL_FLASH_CACHE DEFAULT)
  TABLESPACE "SYSTEM" ;
--------------------------------------------------------
--  DDL for Table BANK
--------------------------------------------------------

  CREATE TABLE "OOTD"."BANK" 
   (	"BANK_CODE" VARCHAR2(30 BYTE), 
	"BANK_NAME" VARCHAR2(30 BYTE)
   ) SEGMENT CREATION IMMEDIATE 
  PCTFREE 10 PCTUSED 40 INITRANS 1 MAXTRANS 255 NOCOMPRESS LOGGING
  STORAGE(INITIAL 65536 NEXT 1048576 MINEXTENTS 1 MAXEXTENTS 2147483645
  PCTINCREASE 0 FREELISTS 1 FREELIST GROUPS 1 BUFFER_POOL DEFAULT FLASH_CACHE DEFAULT CELL_FLASH_CACHE DEFAULT)
  TABLESPACE "SYSTEM" ;
--------------------------------------------------------
--  DDL for Table CART
--------------------------------------------------------

  CREATE TABLE "OOTD"."CART" 
   (	"CART_NO" NUMBER, 
	"MEMBER_NO" NUMBER, 
	"CART_QUANTITY" NUMBER, 
	"CART_SIZE" CHAR(1 BYTE), 
	"PRODUCT_NO" NUMBER
   ) SEGMENT CREATION IMMEDIATE 
  PCTFREE 10 PCTUSED 40 INITRANS 1 MAXTRANS 255 NOCOMPRESS LOGGING
  STORAGE(INITIAL 65536 NEXT 1048576 MINEXTENTS 1 MAXEXTENTS 2147483645
  PCTINCREASE 0 FREELISTS 1 FREELIST GROUPS 1 BUFFER_POOL DEFAULT FLASH_CACHE DEFAULT CELL_FLASH_CACHE DEFAULT)
  TABLESPACE "SYSTEM" ;
--------------------------------------------------------
--  DDL for Table MEMBER
--------------------------------------------------------

  CREATE TABLE "OOTD"."MEMBER" 
   (	"MEMBER_NO" NUMBER, 
	"MEMBER_ID" VARCHAR2(30 BYTE), 
	"MEMBER_NICKNAME" VARCHAR2(30 BYTE), 
	"MEMBER_PW" VARCHAR2(100 BYTE), 
	"MEMBER_NAME" VARCHAR2(15 BYTE), 
	"EMAIL" VARCHAR2(30 BYTE), 
	"PHONE" VARCHAR2(13 BYTE), 
	"ADDRESS" VARCHAR2(300 BYTE), 
	"ENROLL_DATE" DATE DEFAULT SYSDATE, 
	"BRAND_NAME" VARCHAR2(30 BYTE) DEFAULT '중고', 
	"ACCOUNT_NUMBER" VARCHAR2(30 BYTE), 
	"LOGIN_TYPE" NUMBER, 
	"BANK_CODE" VARCHAR2(30 BYTE)
   ) SEGMENT CREATION IMMEDIATE 
  PCTFREE 10 PCTUSED 40 INITRANS 1 MAXTRANS 255 NOCOMPRESS LOGGING
  STORAGE(INITIAL 65536 NEXT 1048576 MINEXTENTS 1 MAXEXTENTS 2147483645
  PCTINCREASE 0 FREELISTS 1 FREELIST GROUPS 1 BUFFER_POOL DEFAULT FLASH_CACHE DEFAULT CELL_FLASH_CACHE DEFAULT)
  TABLESPACE "SYSTEM" ;
--------------------------------------------------------
--  DDL for Table O_ORDER
--------------------------------------------------------

  CREATE TABLE "OOTD"."O_ORDER" 
   (	"ORDER_NO" NUMBER, 
	"RECEIVER_NAME" VARCHAR2(15 BYTE), 
	"ORDER_ADDRESS" VARCHAR2(300 BYTE), 
	"ORDER_DATE" DATE DEFAULT SYSDATE, 
	"ORDER_MEMO" VARCHAR2(60 BYTE), 
	"TOTAL_PRICE" NUMBER, 
	"MEMBER_NO" NUMBER
   ) SEGMENT CREATION IMMEDIATE 
  PCTFREE 10 PCTUSED 40 INITRANS 1 MAXTRANS 255 NOCOMPRESS LOGGING
  STORAGE(INITIAL 65536 NEXT 1048576 MINEXTENTS 1 MAXEXTENTS 2147483645
  PCTINCREASE 0 FREELISTS 1 FREELIST GROUPS 1 BUFFER_POOL DEFAULT FLASH_CACHE DEFAULT CELL_FLASH_CACHE DEFAULT)
  TABLESPACE "SYSTEM" ;
--------------------------------------------------------
--  DDL for Table O_ORDER_LIST
--------------------------------------------------------

  CREATE TABLE "OOTD"."O_ORDER_LIST" 
   (	"ORDER_SIZE" CHAR(1 BYTE), 
	"ORDER_QUANTITY" NUMBER, 
	"ORDER_NO" NUMBER, 
	"PRODUCT_NO" NUMBER, 
	"ORDER_STATUS" NUMBER DEFAULT 1
   ) SEGMENT CREATION IMMEDIATE 
  PCTFREE 10 PCTUSED 40 INITRANS 1 MAXTRANS 255 NOCOMPRESS LOGGING
  STORAGE(INITIAL 65536 NEXT 1048576 MINEXTENTS 1 MAXEXTENTS 2147483645
  PCTINCREASE 0 FREELISTS 1 FREELIST GROUPS 1 BUFFER_POOL DEFAULT FLASH_CACHE DEFAULT CELL_FLASH_CACHE DEFAULT)
  TABLESPACE "SYSTEM" ;
--------------------------------------------------------
--  DDL for Table PRODUCT
--------------------------------------------------------

  CREATE TABLE "OOTD"."PRODUCT" 
   (	"PRODUCT_NO" NUMBER, 
	"PRODUCT_NAME" VARCHAR2(100 BYTE), 
	"PRODUCT_DETAIL" VARCHAR2(2000 BYTE), 
	"PRODUCT_SIZEINFO" VARCHAR2(2000 BYTE), 
	"PRODUCT_SIZE" VARCHAR2(10 BYTE), 
	"PRODUCT_PRICE" NUMBER, 
	"PRODUCT_STOCK_S" NUMBER, 
	"PRODUCT_STOCK_M" NUMBER, 
	"PRODUCT_STOCK_L" NUMBER, 
	"PRODUCT_TYPE" NUMBER DEFAULT 2, 
	"MEMBER_NO" NUMBER, 
	"PRODUCT_STATUS" CHAR(1 BYTE) DEFAULT 'Y', 
	"PRODUCT_CATEGORY" NUMBER
   ) SEGMENT CREATION IMMEDIATE 
  PCTFREE 10 PCTUSED 40 INITRANS 1 MAXTRANS 255 NOCOMPRESS LOGGING
  STORAGE(INITIAL 65536 NEXT 1048576 MINEXTENTS 1 MAXEXTENTS 2147483645
  PCTINCREASE 0 FREELISTS 1 FREELIST GROUPS 1 BUFFER_POOL DEFAULT FLASH_CACHE DEFAULT CELL_FLASH_CACHE DEFAULT)
  TABLESPACE "SYSTEM" ;
--------------------------------------------------------
--  DDL for Table PURCHASE
--------------------------------------------------------

  CREATE TABLE "OOTD"."PURCHASE" 
   (	"ORDER_NO" NUMBER, 
	"PURCHASE_STATUS" NUMBER DEFAULT 1, 
	"MEMBER_NO" NUMBER
   ) SEGMENT CREATION IMMEDIATE 
  PCTFREE 10 PCTUSED 40 INITRANS 1 MAXTRANS 255 NOCOMPRESS LOGGING
  STORAGE(INITIAL 65536 NEXT 1048576 MINEXTENTS 1 MAXEXTENTS 2147483645
  PCTINCREASE 0 FREELISTS 1 FREELIST GROUPS 1 BUFFER_POOL DEFAULT FLASH_CACHE DEFAULT CELL_FLASH_CACHE DEFAULT)
  TABLESPACE "SYSTEM" ;
--------------------------------------------------------
--  DDL for Table REVIEW
--------------------------------------------------------

  CREATE TABLE "OOTD"."REVIEW" 
   (	"REVIEW_NO" NUMBER, 
	"REVIEW_CONTENTS" VARCHAR2(1000 BYTE), 
	"REVIEW_DATE" DATE DEFAULT SYSDATE, 
	"REVIEW_TITLE" VARCHAR2(100 BYTE), 
	"MEMBER_NO" NUMBER, 
	"PRODUCT_NO" NUMBER, 
	"ORDER_NO" NUMBER
   ) SEGMENT CREATION IMMEDIATE 
  PCTFREE 10 PCTUSED 40 INITRANS 1 MAXTRANS 255 NOCOMPRESS LOGGING
  STORAGE(INITIAL 65536 NEXT 1048576 MINEXTENTS 1 MAXEXTENTS 2147483645
  PCTINCREASE 0 FREELISTS 1 FREELIST GROUPS 1 BUFFER_POOL DEFAULT FLASH_CACHE DEFAULT CELL_FLASH_CACHE DEFAULT)
  TABLESPACE "SYSTEM" ;
--------------------------------------------------------
--  DDL for Table SALE_LIST
--------------------------------------------------------

  CREATE TABLE "OOTD"."SALE_LIST" 
   (	"ORDER_NO" NUMBER, 
	"SALE_STATUS" NUMBER DEFAULT 1, 
	"MEMBER_NO" NUMBER
   ) SEGMENT CREATION IMMEDIATE 
  PCTFREE 10 PCTUSED 40 INITRANS 1 MAXTRANS 255 NOCOMPRESS LOGGING
  STORAGE(INITIAL 65536 NEXT 1048576 MINEXTENTS 1 MAXEXTENTS 2147483645
  PCTINCREASE 0 FREELISTS 1 FREELIST GROUPS 1 BUFFER_POOL DEFAULT FLASH_CACHE DEFAULT CELL_FLASH_CACHE DEFAULT)
  TABLESPACE "SYSTEM" ;
REM INSERTING into OOTD.ATTACHMENT
SET DEFINE OFF;
Insert into OOTD.ATTACHMENT (ATT_NO,ATT_NAME,ATT_DATE,ATT_LEVEL,ATT_STATUS,PRODUCT_NO) values (61,'30-1.jpg',to_date('21/06/22','RR/MM/DD'),1,'Y',1);
Insert into OOTD.ATTACHMENT (ATT_NO,ATT_NAME,ATT_DATE,ATT_LEVEL,ATT_STATUS,PRODUCT_NO) values (62,'30-2.jpg',to_date('21/06/22','RR/MM/DD'),2,'Y',1);
Insert into OOTD.ATTACHMENT (ATT_NO,ATT_NAME,ATT_DATE,ATT_LEVEL,ATT_STATUS,PRODUCT_NO) values (63,'30-3.jpg',to_date('21/06/22','RR/MM/DD'),3,'Y',1);
Insert into OOTD.ATTACHMENT (ATT_NO,ATT_NAME,ATT_DATE,ATT_LEVEL,ATT_STATUS,PRODUCT_NO) values (64,'30-4.jpg',to_date('21/06/22','RR/MM/DD'),4,'Y',1);
Insert into OOTD.ATTACHMENT (ATT_NO,ATT_NAME,ATT_DATE,ATT_LEVEL,ATT_STATUS,PRODUCT_NO) values (65,'31-1.jpg',to_date('21/06/22','RR/MM/DD'),1,'Y',2);
Insert into OOTD.ATTACHMENT (ATT_NO,ATT_NAME,ATT_DATE,ATT_LEVEL,ATT_STATUS,PRODUCT_NO) values (66,'31-2.jpg',to_date('21/06/22','RR/MM/DD'),2,'Y',2);
Insert into OOTD.ATTACHMENT (ATT_NO,ATT_NAME,ATT_DATE,ATT_LEVEL,ATT_STATUS,PRODUCT_NO) values (67,'31-3.jpg',to_date('21/06/22','RR/MM/DD'),3,'Y',2);
Insert into OOTD.ATTACHMENT (ATT_NO,ATT_NAME,ATT_DATE,ATT_LEVEL,ATT_STATUS,PRODUCT_NO) values (68,'31-4.jpg',to_date('21/06/22','RR/MM/DD'),4,'Y',2);
Insert into OOTD.ATTACHMENT (ATT_NO,ATT_NAME,ATT_DATE,ATT_LEVEL,ATT_STATUS,PRODUCT_NO) values (69,'32-1.jpg',to_date('21/06/22','RR/MM/DD'),1,'Y',3);
Insert into OOTD.ATTACHMENT (ATT_NO,ATT_NAME,ATT_DATE,ATT_LEVEL,ATT_STATUS,PRODUCT_NO) values (70,'32-2.jpg',to_date('21/06/22','RR/MM/DD'),2,'Y',3);
Insert into OOTD.ATTACHMENT (ATT_NO,ATT_NAME,ATT_DATE,ATT_LEVEL,ATT_STATUS,PRODUCT_NO) values (71,'32-3.jpg',to_date('21/06/22','RR/MM/DD'),3,'Y',3);
Insert into OOTD.ATTACHMENT (ATT_NO,ATT_NAME,ATT_DATE,ATT_LEVEL,ATT_STATUS,PRODUCT_NO) values (72,'32-4.jpg',to_date('21/06/22','RR/MM/DD'),4,'Y',3);
Insert into OOTD.ATTACHMENT (ATT_NO,ATT_NAME,ATT_DATE,ATT_LEVEL,ATT_STATUS,PRODUCT_NO) values (73,'33-1.jpg',to_date('21/06/22','RR/MM/DD'),1,'Y',4);
Insert into OOTD.ATTACHMENT (ATT_NO,ATT_NAME,ATT_DATE,ATT_LEVEL,ATT_STATUS,PRODUCT_NO) values (74,'33-2.jpg',to_date('21/06/22','RR/MM/DD'),2,'Y',4);
Insert into OOTD.ATTACHMENT (ATT_NO,ATT_NAME,ATT_DATE,ATT_LEVEL,ATT_STATUS,PRODUCT_NO) values (75,'33-3.jpg',to_date('21/06/22','RR/MM/DD'),3,'Y',4);
Insert into OOTD.ATTACHMENT (ATT_NO,ATT_NAME,ATT_DATE,ATT_LEVEL,ATT_STATUS,PRODUCT_NO) values (76,'33-4.jpg',to_date('21/06/22','RR/MM/DD'),4,'Y',4);
Insert into OOTD.ATTACHMENT (ATT_NO,ATT_NAME,ATT_DATE,ATT_LEVEL,ATT_STATUS,PRODUCT_NO) values (77,'34-1.jpg',to_date('21/06/22','RR/MM/DD'),1,'Y',5);
Insert into OOTD.ATTACHMENT (ATT_NO,ATT_NAME,ATT_DATE,ATT_LEVEL,ATT_STATUS,PRODUCT_NO) values (78,'34-2.jpg',to_date('21/06/22','RR/MM/DD'),2,'Y',5);
Insert into OOTD.ATTACHMENT (ATT_NO,ATT_NAME,ATT_DATE,ATT_LEVEL,ATT_STATUS,PRODUCT_NO) values (79,'34-3.jpg',to_date('21/06/22','RR/MM/DD'),3,'Y',5);
Insert into OOTD.ATTACHMENT (ATT_NO,ATT_NAME,ATT_DATE,ATT_LEVEL,ATT_STATUS,PRODUCT_NO) values (80,'34-4.jpg',to_date('21/06/22','RR/MM/DD'),4,'Y',5);
Insert into OOTD.ATTACHMENT (ATT_NO,ATT_NAME,ATT_DATE,ATT_LEVEL,ATT_STATUS,PRODUCT_NO) values (81,'35-1.jpg',to_date('21/06/22','RR/MM/DD'),1,'Y',6);
Insert into OOTD.ATTACHMENT (ATT_NO,ATT_NAME,ATT_DATE,ATT_LEVEL,ATT_STATUS,PRODUCT_NO) values (82,'35-2.jpg',to_date('21/06/22','RR/MM/DD'),2,'Y',6);
Insert into OOTD.ATTACHMENT (ATT_NO,ATT_NAME,ATT_DATE,ATT_LEVEL,ATT_STATUS,PRODUCT_NO) values (83,'35-3.jpg',to_date('21/06/22','RR/MM/DD'),3,'Y',6);
Insert into OOTD.ATTACHMENT (ATT_NO,ATT_NAME,ATT_DATE,ATT_LEVEL,ATT_STATUS,PRODUCT_NO) values (84,'35-4.jpg',to_date('21/06/22','RR/MM/DD'),4,'Y',6);
Insert into OOTD.ATTACHMENT (ATT_NO,ATT_NAME,ATT_DATE,ATT_LEVEL,ATT_STATUS,PRODUCT_NO) values (85,'36-1.jpg',to_date('21/06/22','RR/MM/DD'),1,'Y',7);
Insert into OOTD.ATTACHMENT (ATT_NO,ATT_NAME,ATT_DATE,ATT_LEVEL,ATT_STATUS,PRODUCT_NO) values (86,'36-2.jpg',to_date('21/06/22','RR/MM/DD'),2,'Y',7);
Insert into OOTD.ATTACHMENT (ATT_NO,ATT_NAME,ATT_DATE,ATT_LEVEL,ATT_STATUS,PRODUCT_NO) values (87,'36-3.jpg',to_date('21/06/22','RR/MM/DD'),3,'Y',7);
Insert into OOTD.ATTACHMENT (ATT_NO,ATT_NAME,ATT_DATE,ATT_LEVEL,ATT_STATUS,PRODUCT_NO) values (88,'36-4.jpg',to_date('21/06/22','RR/MM/DD'),4,'Y',7);
Insert into OOTD.ATTACHMENT (ATT_NO,ATT_NAME,ATT_DATE,ATT_LEVEL,ATT_STATUS,PRODUCT_NO) values (89,'1-1.png',to_date('21/06/22','RR/MM/DD'),1,'Y',8);
Insert into OOTD.ATTACHMENT (ATT_NO,ATT_NAME,ATT_DATE,ATT_LEVEL,ATT_STATUS,PRODUCT_NO) values (90,'1-2.png',to_date('21/06/22','RR/MM/DD'),2,'Y',8);
Insert into OOTD.ATTACHMENT (ATT_NO,ATT_NAME,ATT_DATE,ATT_LEVEL,ATT_STATUS,PRODUCT_NO) values (91,'1-3.png',to_date('21/06/22','RR/MM/DD'),3,'Y',8);
Insert into OOTD.ATTACHMENT (ATT_NO,ATT_NAME,ATT_DATE,ATT_LEVEL,ATT_STATUS,PRODUCT_NO) values (92,'1-4.png',to_date('21/06/22','RR/MM/DD'),4,'Y',8);
Insert into OOTD.ATTACHMENT (ATT_NO,ATT_NAME,ATT_DATE,ATT_LEVEL,ATT_STATUS,PRODUCT_NO) values (93,'2-1.png',to_date('21/06/22','RR/MM/DD'),1,'Y',9);
Insert into OOTD.ATTACHMENT (ATT_NO,ATT_NAME,ATT_DATE,ATT_LEVEL,ATT_STATUS,PRODUCT_NO) values (94,'2-2.png',to_date('21/06/22','RR/MM/DD'),2,'Y',9);
Insert into OOTD.ATTACHMENT (ATT_NO,ATT_NAME,ATT_DATE,ATT_LEVEL,ATT_STATUS,PRODUCT_NO) values (95,'2-3.png',to_date('21/06/22','RR/MM/DD'),3,'Y',9);
Insert into OOTD.ATTACHMENT (ATT_NO,ATT_NAME,ATT_DATE,ATT_LEVEL,ATT_STATUS,PRODUCT_NO) values (96,'2-4.png',to_date('21/06/22','RR/MM/DD'),4,'Y',9);
Insert into OOTD.ATTACHMENT (ATT_NO,ATT_NAME,ATT_DATE,ATT_LEVEL,ATT_STATUS,PRODUCT_NO) values (97,'3-1.png',to_date('21/06/22','RR/MM/DD'),1,'Y',10);
Insert into OOTD.ATTACHMENT (ATT_NO,ATT_NAME,ATT_DATE,ATT_LEVEL,ATT_STATUS,PRODUCT_NO) values (98,'3-2.png',to_date('21/06/22','RR/MM/DD'),2,'Y',10);
Insert into OOTD.ATTACHMENT (ATT_NO,ATT_NAME,ATT_DATE,ATT_LEVEL,ATT_STATUS,PRODUCT_NO) values (99,'3-3.png',to_date('21/06/22','RR/MM/DD'),3,'Y',10);
Insert into OOTD.ATTACHMENT (ATT_NO,ATT_NAME,ATT_DATE,ATT_LEVEL,ATT_STATUS,PRODUCT_NO) values (100,'3-4.png',to_date('21/06/22','RR/MM/DD'),4,'Y',10);
Insert into OOTD.ATTACHMENT (ATT_NO,ATT_NAME,ATT_DATE,ATT_LEVEL,ATT_STATUS,PRODUCT_NO) values (101,'4-1.png',to_date('21/06/22','RR/MM/DD'),1,'Y',11);
Insert into OOTD.ATTACHMENT (ATT_NO,ATT_NAME,ATT_DATE,ATT_LEVEL,ATT_STATUS,PRODUCT_NO) values (102,'4-2.png',to_date('21/06/22','RR/MM/DD'),2,'Y',11);
Insert into OOTD.ATTACHMENT (ATT_NO,ATT_NAME,ATT_DATE,ATT_LEVEL,ATT_STATUS,PRODUCT_NO) values (103,'4-3.png',to_date('21/06/22','RR/MM/DD'),3,'Y',11);
Insert into OOTD.ATTACHMENT (ATT_NO,ATT_NAME,ATT_DATE,ATT_LEVEL,ATT_STATUS,PRODUCT_NO) values (104,'4-4.png',to_date('21/06/22','RR/MM/DD'),4,'Y',11);
Insert into OOTD.ATTACHMENT (ATT_NO,ATT_NAME,ATT_DATE,ATT_LEVEL,ATT_STATUS,PRODUCT_NO) values (105,'5-1.png',to_date('21/06/22','RR/MM/DD'),1,'Y',12);
Insert into OOTD.ATTACHMENT (ATT_NO,ATT_NAME,ATT_DATE,ATT_LEVEL,ATT_STATUS,PRODUCT_NO) values (106,'5-2.png',to_date('21/06/22','RR/MM/DD'),2,'Y',12);
Insert into OOTD.ATTACHMENT (ATT_NO,ATT_NAME,ATT_DATE,ATT_LEVEL,ATT_STATUS,PRODUCT_NO) values (107,'5-3.png',to_date('21/06/22','RR/MM/DD'),3,'Y',12);
Insert into OOTD.ATTACHMENT (ATT_NO,ATT_NAME,ATT_DATE,ATT_LEVEL,ATT_STATUS,PRODUCT_NO) values (108,'5-4.png',to_date('21/06/22','RR/MM/DD'),4,'Y',12);
Insert into OOTD.ATTACHMENT (ATT_NO,ATT_NAME,ATT_DATE,ATT_LEVEL,ATT_STATUS,PRODUCT_NO) values (109,'6-1.png',to_date('21/06/22','RR/MM/DD'),1,'Y',13);
Insert into OOTD.ATTACHMENT (ATT_NO,ATT_NAME,ATT_DATE,ATT_LEVEL,ATT_STATUS,PRODUCT_NO) values (110,'6-2.png',to_date('21/06/22','RR/MM/DD'),2,'Y',13);
Insert into OOTD.ATTACHMENT (ATT_NO,ATT_NAME,ATT_DATE,ATT_LEVEL,ATT_STATUS,PRODUCT_NO) values (111,'6-3.png',to_date('21/06/22','RR/MM/DD'),3,'Y',13);
Insert into OOTD.ATTACHMENT (ATT_NO,ATT_NAME,ATT_DATE,ATT_LEVEL,ATT_STATUS,PRODUCT_NO) values (112,'6-4.png',to_date('21/06/22','RR/MM/DD'),4,'Y',13);
Insert into OOTD.ATTACHMENT (ATT_NO,ATT_NAME,ATT_DATE,ATT_LEVEL,ATT_STATUS,PRODUCT_NO) values (113,'7-1.png',to_date('21/06/22','RR/MM/DD'),1,'Y',14);
Insert into OOTD.ATTACHMENT (ATT_NO,ATT_NAME,ATT_DATE,ATT_LEVEL,ATT_STATUS,PRODUCT_NO) values (114,'7-2.png',to_date('21/06/22','RR/MM/DD'),2,'Y',14);
Insert into OOTD.ATTACHMENT (ATT_NO,ATT_NAME,ATT_DATE,ATT_LEVEL,ATT_STATUS,PRODUCT_NO) values (115,'7-3.png',to_date('21/06/22','RR/MM/DD'),3,'Y',14);
Insert into OOTD.ATTACHMENT (ATT_NO,ATT_NAME,ATT_DATE,ATT_LEVEL,ATT_STATUS,PRODUCT_NO) values (116,'7-4.png',to_date('21/06/22','RR/MM/DD'),4,'Y',14);
Insert into OOTD.ATTACHMENT (ATT_NO,ATT_NAME,ATT_DATE,ATT_LEVEL,ATT_STATUS,PRODUCT_NO) values (117,'8-1.png',to_date('21/06/22','RR/MM/DD'),1,'Y',15);
Insert into OOTD.ATTACHMENT (ATT_NO,ATT_NAME,ATT_DATE,ATT_LEVEL,ATT_STATUS,PRODUCT_NO) values (118,'8-2.png',to_date('21/06/22','RR/MM/DD'),2,'Y',15);
Insert into OOTD.ATTACHMENT (ATT_NO,ATT_NAME,ATT_DATE,ATT_LEVEL,ATT_STATUS,PRODUCT_NO) values (119,'8-3.png',to_date('21/06/22','RR/MM/DD'),3,'Y',15);
Insert into OOTD.ATTACHMENT (ATT_NO,ATT_NAME,ATT_DATE,ATT_LEVEL,ATT_STATUS,PRODUCT_NO) values (120,'8-4.png',to_date('21/06/22','RR/MM/DD'),4,'Y',15);
Insert into OOTD.ATTACHMENT (ATT_NO,ATT_NAME,ATT_DATE,ATT_LEVEL,ATT_STATUS,PRODUCT_NO) values (125,'20210622_143213388_841.jpeg',to_date('21/06/22','RR/MM/DD'),3,'N',41);
Insert into OOTD.ATTACHMENT (ATT_NO,ATT_NAME,ATT_DATE,ATT_LEVEL,ATT_STATUS,PRODUCT_NO) values (126,'20210622_144404413_255.jpg',to_date('21/06/22','RR/MM/DD'),1,'Y',42);
Insert into OOTD.ATTACHMENT (ATT_NO,ATT_NAME,ATT_DATE,ATT_LEVEL,ATT_STATUS,PRODUCT_NO) values (123,'20210622_143119228_967.jpeg',to_date('21/06/22','RR/MM/DD'),1,'N',41);
Insert into OOTD.ATTACHMENT (ATT_NO,ATT_NAME,ATT_DATE,ATT_LEVEL,ATT_STATUS,PRODUCT_NO) values (124,'20210622_143119241_151.jpg',to_date('21/06/22','RR/MM/DD'),2,'N',41);
Insert into OOTD.ATTACHMENT (ATT_NO,ATT_NAME,ATT_DATE,ATT_LEVEL,ATT_STATUS,PRODUCT_NO) values (127,'20210622_144404424_85.jpg',to_date('21/06/22','RR/MM/DD'),2,'Y',42);
Insert into OOTD.ATTACHMENT (ATT_NO,ATT_NAME,ATT_DATE,ATT_LEVEL,ATT_STATUS,PRODUCT_NO) values (128,'20210622_144404426_138.jpg',to_date('21/06/22','RR/MM/DD'),3,'Y',42);
Insert into OOTD.ATTACHMENT (ATT_NO,ATT_NAME,ATT_DATE,ATT_LEVEL,ATT_STATUS,PRODUCT_NO) values (129,'20210622_144404427_845.jpg',to_date('21/06/22','RR/MM/DD'),4,'Y',42);
Insert into OOTD.ATTACHMENT (ATT_NO,ATT_NAME,ATT_DATE,ATT_LEVEL,ATT_STATUS,PRODUCT_NO) values (130,'20210622_150400692_691.jpg',to_date('21/06/22','RR/MM/DD'),1,'Y',43);
Insert into OOTD.ATTACHMENT (ATT_NO,ATT_NAME,ATT_DATE,ATT_LEVEL,ATT_STATUS,PRODUCT_NO) values (131,'20210622_150400702_86.jpg',to_date('21/06/22','RR/MM/DD'),2,'Y',43);
Insert into OOTD.ATTACHMENT (ATT_NO,ATT_NAME,ATT_DATE,ATT_LEVEL,ATT_STATUS,PRODUCT_NO) values (132,'20210622_150400703_811.jpg',to_date('21/06/22','RR/MM/DD'),3,'Y',43);
Insert into OOTD.ATTACHMENT (ATT_NO,ATT_NAME,ATT_DATE,ATT_LEVEL,ATT_STATUS,PRODUCT_NO) values (133,'20210622_150400705_172.jpg',to_date('21/06/22','RR/MM/DD'),4,'Y',43);
Insert into OOTD.ATTACHMENT (ATT_NO,ATT_NAME,ATT_DATE,ATT_LEVEL,ATT_STATUS,PRODUCT_NO) values (134,'20210622_151455833_715.jpg',to_date('21/06/22','RR/MM/DD'),1,'Y',44);
Insert into OOTD.ATTACHMENT (ATT_NO,ATT_NAME,ATT_DATE,ATT_LEVEL,ATT_STATUS,PRODUCT_NO) values (135,'20210622_151455834_946.jpg',to_date('21/06/22','RR/MM/DD'),2,'Y',44);
Insert into OOTD.ATTACHMENT (ATT_NO,ATT_NAME,ATT_DATE,ATT_LEVEL,ATT_STATUS,PRODUCT_NO) values (136,'20210622_151455835_554.jpg',to_date('21/06/22','RR/MM/DD'),3,'Y',44);
Insert into OOTD.ATTACHMENT (ATT_NO,ATT_NAME,ATT_DATE,ATT_LEVEL,ATT_STATUS,PRODUCT_NO) values (137,'20210622_151455836_575.jpg',to_date('21/06/22','RR/MM/DD'),4,'Y',44);
Insert into OOTD.ATTACHMENT (ATT_NO,ATT_NAME,ATT_DATE,ATT_LEVEL,ATT_STATUS,PRODUCT_NO) values (138,'20210622_182212307_448.jpg',to_date('21/06/22','RR/MM/DD'),1,'Y',45);
Insert into OOTD.ATTACHMENT (ATT_NO,ATT_NAME,ATT_DATE,ATT_LEVEL,ATT_STATUS,PRODUCT_NO) values (139,'20210622_182212318_998.jpg',to_date('21/06/22','RR/MM/DD'),2,'Y',45);
Insert into OOTD.ATTACHMENT (ATT_NO,ATT_NAME,ATT_DATE,ATT_LEVEL,ATT_STATUS,PRODUCT_NO) values (140,'20210622_182212319_890.jpg',to_date('21/06/22','RR/MM/DD'),3,'Y',45);
Insert into OOTD.ATTACHMENT (ATT_NO,ATT_NAME,ATT_DATE,ATT_LEVEL,ATT_STATUS,PRODUCT_NO) values (141,'20210622_182212319_348.jpg',to_date('21/06/22','RR/MM/DD'),4,'Y',45);
REM INSERTING into OOTD.BANK
SET DEFINE OFF;
Insert into OOTD.BANK (BANK_CODE,BANK_NAME) values ('KB','KB');
Insert into OOTD.BANK (BANK_CODE,BANK_NAME) values ('SH','신한');
Insert into OOTD.BANK (BANK_CODE,BANK_NAME) values ('WR','우리');
Insert into OOTD.BANK (BANK_CODE,BANK_NAME) values ('CH','축협');
Insert into OOTD.BANK (BANK_CODE,BANK_NAME) values ('SU','수협');
Insert into OOTD.BANK (BANK_CODE,BANK_NAME) values ('IBK','IBK');
Insert into OOTD.BANK (BANK_CODE,BANK_NAME) values ('NH','농협');
REM INSERTING into OOTD.CART
SET DEFINE OFF;
Insert into OOTD.CART (CART_NO,MEMBER_NO,CART_QUANTITY,CART_SIZE,PRODUCT_NO) values (10018,26,1,'M',7);
Insert into OOTD.CART (CART_NO,MEMBER_NO,CART_QUANTITY,CART_SIZE,PRODUCT_NO) values (10001,22,1,'L',1);
REM INSERTING into OOTD.MEMBER
SET DEFINE OFF;
Insert into OOTD.MEMBER (MEMBER_NO,MEMBER_ID,MEMBER_NICKNAME,MEMBER_PW,MEMBER_NAME,EMAIL,PHONE,ADDRESS,ENROLL_DATE,BRAND_NAME,ACCOUNT_NUMBER,LOGIN_TYPE,BANK_CODE) values (1,'user01','홍사장','pwd01',null,'user01@naver.com','010-1111-1111','서울 강남구',to_date('21/06/22','RR/MM/DD'),'저스트원','352-344-234233',1,'NH');
Insert into OOTD.MEMBER (MEMBER_NO,MEMBER_ID,MEMBER_NICKNAME,MEMBER_PW,MEMBER_NAME,EMAIL,PHONE,ADDRESS,ENROLL_DATE,BRAND_NAME,ACCOUNT_NUMBER,LOGIN_TYPE,BANK_CODE) values (2,'user02','최사장','pwd02',null,'user02@naver.com','010-2222-2222','서울 강서구',to_date('21/06/22','RR/MM/DD'),'누더기','321-044-444333',1,'WR');
Insert into OOTD.MEMBER (MEMBER_NO,MEMBER_ID,MEMBER_NICKNAME,MEMBER_PW,MEMBER_NAME,EMAIL,PHONE,ADDRESS,ENROLL_DATE,BRAND_NAME,ACCOUNT_NUMBER,LOGIN_TYPE,BANK_CODE) values (3,'user03','마사장','pwd03',null,'user03@naver.com','010-3333-3333','서울 강북구',to_date('21/06/22','RR/MM/DD'),'사던지말던지','052-544-215333',1,'SH');
Insert into OOTD.MEMBER (MEMBER_NO,MEMBER_ID,MEMBER_NICKNAME,MEMBER_PW,MEMBER_NAME,EMAIL,PHONE,ADDRESS,ENROLL_DATE,BRAND_NAME,ACCOUNT_NUMBER,LOGIN_TYPE,BANK_CODE) values (4,'user04','김사장','pwd04',null,'user04@daum.net','010-4444-4444','서울 강동구',to_date('21/06/22','RR/MM/DD'),'왔으면사던가해','442-984-923123',1,'NH');
Insert into OOTD.MEMBER (MEMBER_NO,MEMBER_ID,MEMBER_NICKNAME,MEMBER_PW,MEMBER_NAME,EMAIL,PHONE,ADDRESS,ENROLL_DATE,BRAND_NAME,ACCOUNT_NUMBER,LOGIN_TYPE,BANK_CODE) values (5,'user05','박사장','pwd05',null,'user05@daum.net','010-5555-5555','서울 용산',to_date('21/06/22','RR/MM/DD'),'옷처음봐?','122-574-522343',1,'SH');
Insert into OOTD.MEMBER (MEMBER_NO,MEMBER_ID,MEMBER_NICKNAME,MEMBER_PW,MEMBER_NAME,EMAIL,PHONE,ADDRESS,ENROLL_DATE,BRAND_NAME,ACCOUNT_NUMBER,LOGIN_TYPE,BANK_CODE) values (6,'user06','현사장','pwd06',null,'user06@daum.net','010-6666-6666','경기 남양주',to_date('21/06/22','RR/MM/DD'),'훔치기만해봐','772-211-634443',1,'KB');
Insert into OOTD.MEMBER (MEMBER_NO,MEMBER_ID,MEMBER_NICKNAME,MEMBER_PW,MEMBER_NAME,EMAIL,PHONE,ADDRESS,ENROLL_DATE,BRAND_NAME,ACCOUNT_NUMBER,LOGIN_TYPE,BANK_CODE) values (7,'user07','심사장','pwd07',null,'user07@daum.net','010-7777-7777','경기 의정부',to_date('21/06/22','RR/MM/DD'),'DMC 떠리중','889-342-534233',1,'NH');
Insert into OOTD.MEMBER (MEMBER_NO,MEMBER_ID,MEMBER_NICKNAME,MEMBER_PW,MEMBER_NAME,EMAIL,PHONE,ADDRESS,ENROLL_DATE,BRAND_NAME,ACCOUNT_NUMBER,LOGIN_TYPE,BANK_CODE) values (8,'user08','홍회원','pwd08','홍상길','user08@naver.com','010-8888-9999','서울 강남구',to_date('21/06/22','RR/MM/DD'),'중고','112-344-234233',2,'CH');
Insert into OOTD.MEMBER (MEMBER_NO,MEMBER_ID,MEMBER_NICKNAME,MEMBER_PW,MEMBER_NAME,EMAIL,PHONE,ADDRESS,ENROLL_DATE,BRAND_NAME,ACCOUNT_NUMBER,LOGIN_TYPE,BANK_CODE) values (9,'user09','정회원','pwd09','정상길','user09@naver.com','010-9999-9999','서울 강남구',to_date('21/06/22','RR/MM/DD'),'중고',null,2,null);
Insert into OOTD.MEMBER (MEMBER_NO,MEMBER_ID,MEMBER_NICKNAME,MEMBER_PW,MEMBER_NAME,EMAIL,PHONE,ADDRESS,ENROLL_DATE,BRAND_NAME,ACCOUNT_NUMBER,LOGIN_TYPE,BANK_CODE) values (10,'user10','김회원','pwd10','김상길','user10@daum.net','010-2000-2000','서울 강남구',to_date('21/06/22','RR/MM/DD'),'중고','421-344-234233',2,'NH');
Insert into OOTD.MEMBER (MEMBER_NO,MEMBER_ID,MEMBER_NICKNAME,MEMBER_PW,MEMBER_NAME,EMAIL,PHONE,ADDRESS,ENROLL_DATE,BRAND_NAME,ACCOUNT_NUMBER,LOGIN_TYPE,BANK_CODE) values (11,'user11','은회원','pwd11','은상길','user11@daum.net','010-3000-3000','서울 강남구',to_date('21/06/22','RR/MM/DD'),'중고','555-344-234233',2,'SH');
Insert into OOTD.MEMBER (MEMBER_NO,MEMBER_ID,MEMBER_NICKNAME,MEMBER_PW,MEMBER_NAME,EMAIL,PHONE,ADDRESS,ENROLL_DATE,BRAND_NAME,ACCOUNT_NUMBER,LOGIN_TYPE,BANK_CODE) values (12,'user12','성회원','pwd12','성상길','user12@daum.net','010-4000-4000','서울 강남구',to_date('21/06/22','RR/MM/DD'),'중고',null,2,null);
Insert into OOTD.MEMBER (MEMBER_NO,MEMBER_ID,MEMBER_NICKNAME,MEMBER_PW,MEMBER_NAME,EMAIL,PHONE,ADDRESS,ENROLL_DATE,BRAND_NAME,ACCOUNT_NUMBER,LOGIN_TYPE,BANK_CODE) values (13,'user13','심회원','pwd13','심상길','user13@daum.net','010-5000-5000','서울 강남구',to_date('21/06/22','RR/MM/DD'),'중고','565-344-234233',2,'WR');
Insert into OOTD.MEMBER (MEMBER_NO,MEMBER_ID,MEMBER_NICKNAME,MEMBER_PW,MEMBER_NAME,EMAIL,PHONE,ADDRESS,ENROLL_DATE,BRAND_NAME,ACCOUNT_NUMBER,LOGIN_TYPE,BANK_CODE) values (14,'user14','박회원','pwd14','박상길','user14@daum.net','010-2222-1111','서울 강남구',to_date('21/06/22','RR/MM/DD'),'중고',null,2,null);
Insert into OOTD.MEMBER (MEMBER_NO,MEMBER_ID,MEMBER_NICKNAME,MEMBER_PW,MEMBER_NAME,EMAIL,PHONE,ADDRESS,ENROLL_DATE,BRAND_NAME,ACCOUNT_NUMBER,LOGIN_TYPE,BANK_CODE) values (15,'user15','지회원','pwd15','지상길','user15@daum.net','010-3333-1111','서울 강남구',to_date('21/06/22','RR/MM/DD'),'중고','543-344-234233',2,'IBK');
Insert into OOTD.MEMBER (MEMBER_NO,MEMBER_ID,MEMBER_NICKNAME,MEMBER_PW,MEMBER_NAME,EMAIL,PHONE,ADDRESS,ENROLL_DATE,BRAND_NAME,ACCOUNT_NUMBER,LOGIN_TYPE,BANK_CODE) values (22,'brand01','brandbrand','$2a$10$HWv.8FsJhSrQ637pzH4e6es/WLdYDN6W6.Z.NKwweHm3FSx2BTpBi',null,'hwangseok.pari22s@gmail.com','01044974897','서울 노원구 공릉로46길 2 (공릉동),1234',to_date('21/06/22','RR/MM/DD'),'패리쓰','91044974897',1,'KB');
Insert into OOTD.MEMBER (MEMBER_NO,MEMBER_ID,MEMBER_NICKNAME,MEMBER_PW,MEMBER_NAME,EMAIL,PHONE,ADDRESS,ENROLL_DATE,BRAND_NAME,ACCOUNT_NUMBER,LOGIN_TYPE,BANK_CODE) values (26,'hwangseok','패리쓰1','$2a$10$ANWJstSujY.hstpiIhWqku35Q46k0e16KBt5VdRRXJ952dzCHKwNW','김황석','hwangseokparis@gmail.com','01044974891','서울 강남구 가로수길 5 (신사동),메롱',to_date('21/06/22','RR/MM/DD'),'중고','123123123',2,'NH');
Insert into OOTD.MEMBER (MEMBER_NO,MEMBER_ID,MEMBER_NICKNAME,MEMBER_PW,MEMBER_NAME,EMAIL,PHONE,ADDRESS,ENROLL_DATE,BRAND_NAME,ACCOUNT_NUMBER,LOGIN_TYPE,BANK_CODE) values (27,'brandtest','TEST','$2a$10$OgJl/gJ/ChG.n3MhzmcHauFkBJitUMHhVGckJHLnoPrwp5DFXrhhi',null,'ootd@test.com','01012341234','서울 강남구 개포로 202 (개포동, 석인빌딩),테스트',to_date('21/06/22','RR/MM/DD'),'오오티디','00000000000',1,'KB');
REM INSERTING into OOTD.O_ORDER
SET DEFINE OFF;
Insert into OOTD.O_ORDER (ORDER_NO,RECEIVER_NAME,ORDER_ADDRESS,ORDER_DATE,ORDER_MEMO,TOTAL_PRICE,MEMBER_NO) values (361,'신세경','서울특별시',to_date('21/06/22','RR/MM/DD'),'문 앞에 놔주세요',100000,1);
Insert into OOTD.O_ORDER (ORDER_NO,RECEIVER_NAME,ORDER_ADDRESS,ORDER_DATE,ORDER_MEMO,TOTAL_PRICE,MEMBER_NO) values (362,'송혜교','경기도 과천시',to_date('21/06/09','RR/MM/DD'),'경비실에 맡겨주세요',200000,2);
Insert into OOTD.O_ORDER (ORDER_NO,RECEIVER_NAME,ORDER_ADDRESS,ORDER_DATE,ORDER_MEMO,TOTAL_PRICE,MEMBER_NO) values (363,'차은우','경기도 안양시',to_date('21/06/09','RR/MM/DD'),'버려주세요',300000,3);
Insert into OOTD.O_ORDER (ORDER_NO,RECEIVER_NAME,ORDER_ADDRESS,ORDER_DATE,ORDER_MEMO,TOTAL_PRICE,MEMBER_NO) values (364,'한효주','서울특별시',to_date('21/06/09','RR/MM/DD'),'문 앞에 놔주세요',400000,4);
Insert into OOTD.O_ORDER (ORDER_NO,RECEIVER_NAME,ORDER_ADDRESS,ORDER_DATE,ORDER_MEMO,TOTAL_PRICE,MEMBER_NO) values (365,'김고은','대구광역시',to_date('21/06/09','RR/MM/DD'),'문 앞에 놔주세요',500000,5);
Insert into OOTD.O_ORDER (ORDER_NO,RECEIVER_NAME,ORDER_ADDRESS,ORDER_DATE,ORDER_MEMO,TOTAL_PRICE,MEMBER_NO) values (366,'이준기','서울특별시',to_date('21/06/09','RR/MM/DD'),'문 앞에 놔주세요',600000,6);
Insert into OOTD.O_ORDER (ORDER_NO,RECEIVER_NAME,ORDER_ADDRESS,ORDER_DATE,ORDER_MEMO,TOTAL_PRICE,MEMBER_NO) values (367,'한효주','경기도 수원시',to_date('21/06/09','RR/MM/DD'),'문 앞에 놔주세요',700000,7);
Insert into OOTD.O_ORDER (ORDER_NO,RECEIVER_NAME,ORDER_ADDRESS,ORDER_DATE,ORDER_MEMO,TOTAL_PRICE,MEMBER_NO) values (368,'김태희','경기도 의왕시',to_date('21/06/09','RR/MM/DD'),'문 앞에 놔주세요',800000,8);
Insert into OOTD.O_ORDER (ORDER_NO,RECEIVER_NAME,ORDER_ADDRESS,ORDER_DATE,ORDER_MEMO,TOTAL_PRICE,MEMBER_NO) values (369,'박근형','서울특별시',to_date('21/06/09','RR/MM/DD'),'문 앞에 놔주세요',900000,9);
Insert into OOTD.O_ORDER (ORDER_NO,RECEIVER_NAME,ORDER_ADDRESS,ORDER_DATE,ORDER_MEMO,TOTAL_PRICE,MEMBER_NO) values (370,'유재석','대전광역시',to_date('21/06/09','RR/MM/DD'),'문 앞에 놔주세요',120000,10);
Insert into OOTD.O_ORDER (ORDER_NO,RECEIVER_NAME,ORDER_ADDRESS,ORDER_DATE,ORDER_MEMO,TOTAL_PRICE,MEMBER_NO) values (371,'강호동','부산광역시',to_date('21/06/09','RR/MM/DD'),'문 앞에 놔주세요',130000,11);
Insert into OOTD.O_ORDER (ORDER_NO,RECEIVER_NAME,ORDER_ADDRESS,ORDER_DATE,ORDER_MEMO,TOTAL_PRICE,MEMBER_NO) values (372,'이수근','제주특별자치도',to_date('21/06/09','RR/MM/DD'),'문 앞에 놔주세요',140000,12);
Insert into OOTD.O_ORDER (ORDER_NO,RECEIVER_NAME,ORDER_ADDRESS,ORDER_DATE,ORDER_MEMO,TOTAL_PRICE,MEMBER_NO) values (373,'이승기','광주광역시',to_date('21/06/09','RR/MM/DD'),'문 앞에 놔주세요',150000,13);
Insert into OOTD.O_ORDER (ORDER_NO,RECEIVER_NAME,ORDER_ADDRESS,ORDER_DATE,ORDER_MEMO,TOTAL_PRICE,MEMBER_NO) values (374,'김혜수','경상북도 밀양시',to_date('21/06/09','RR/MM/DD'),'문 앞에 놔주세요',160000,14);
Insert into OOTD.O_ORDER (ORDER_NO,RECEIVER_NAME,ORDER_ADDRESS,ORDER_DATE,ORDER_MEMO,TOTAL_PRICE,MEMBER_NO) values (375,'사나','경상남도 포항시',to_date('21/06/09','RR/MM/DD'),'문 앞에 놔주세요',170000,15);
Insert into OOTD.O_ORDER (ORDER_NO,RECEIVER_NAME,ORDER_ADDRESS,ORDER_DATE,ORDER_MEMO,TOTAL_PRICE,MEMBER_NO) values (387,'ggg','서울 노원구 공릉로46길 2 (공릉동) 1234',to_date('21/06/22','RR/MM/DD'),'없음',269000,22);
Insert into OOTD.O_ORDER (ORDER_NO,RECEIVER_NAME,ORDER_ADDRESS,ORDER_DATE,ORDER_MEMO,TOTAL_PRICE,MEMBER_NO) values (390,'1234','서울 노원구 공릉로46길 2 (공릉동) 1234',to_date('21/06/22','RR/MM/DD'),'없음',256000,22);
Insert into OOTD.O_ORDER (ORDER_NO,RECEIVER_NAME,ORDER_ADDRESS,ORDER_DATE,ORDER_MEMO,TOTAL_PRICE,MEMBER_NO) values (391,'123213','서울 노원구 공릉로46길 2 (공릉동) 1234',to_date('21/06/22','RR/MM/DD'),'없음',119000,22);
Insert into OOTD.O_ORDER (ORDER_NO,RECEIVER_NAME,ORDER_ADDRESS,ORDER_DATE,ORDER_MEMO,TOTAL_PRICE,MEMBER_NO) values (392,'김황석1','서울 강남구 가로수길 5 (신사동) 메롱',to_date('21/06/22','RR/MM/DD'),'없음',269000,26);
Insert into OOTD.O_ORDER (ORDER_NO,RECEIVER_NAME,ORDER_ADDRESS,ORDER_DATE,ORDER_MEMO,TOTAL_PRICE,MEMBER_NO) values (393,'김황석1','서울 강남구 가로수길 5 (신사동) 메롱',to_date('21/06/22','RR/MM/DD'),'없음',1000,26);
Insert into OOTD.O_ORDER (ORDER_NO,RECEIVER_NAME,ORDER_ADDRESS,ORDER_DATE,ORDER_MEMO,TOTAL_PRICE,MEMBER_NO) values (394,'김황석1','서울 강남구 가로수길 5 (신사동) 메롱',to_date('21/06/22','RR/MM/DD'),'없음',119000,26);
Insert into OOTD.O_ORDER (ORDER_NO,RECEIVER_NAME,ORDER_ADDRESS,ORDER_DATE,ORDER_MEMO,TOTAL_PRICE,MEMBER_NO) values (395,'김황석1','서울 강남구 가로수길 5 (신사동) 메롱',to_date('21/06/22','RR/MM/DD'),'없음',385000,26);
Insert into OOTD.O_ORDER (ORDER_NO,RECEIVER_NAME,ORDER_ADDRESS,ORDER_DATE,ORDER_MEMO,TOTAL_PRICE,MEMBER_NO) values (396,'김황석1','서울 강남구 가로수길 5 (신사동) 메롱',to_date('21/06/22','RR/MM/DD'),'없음',256000,26);
Insert into OOTD.O_ORDER (ORDER_NO,RECEIVER_NAME,ORDER_ADDRESS,ORDER_DATE,ORDER_MEMO,TOTAL_PRICE,MEMBER_NO) values (397,'김황석','서울 강남구 가로수길 5 (신사동) 메롱',to_date('21/06/22','RR/MM/DD'),'없음',98000,26);
Insert into OOTD.O_ORDER (ORDER_NO,RECEIVER_NAME,ORDER_ADDRESS,ORDER_DATE,ORDER_MEMO,TOTAL_PRICE,MEMBER_NO) values (398,'f','서울 노원구 공릉로46길 2 (공릉동) 1234',to_date('21/06/22','RR/MM/DD'),'없음',1638000,22);
Insert into OOTD.O_ORDER (ORDER_NO,RECEIVER_NAME,ORDER_ADDRESS,ORDER_DATE,ORDER_MEMO,TOTAL_PRICE,MEMBER_NO) values (399,'김황석','서울 강남구 가로수길 5 (신사동) 메롱',to_date('21/06/22','RR/MM/DD'),'없음',654000,26);
Insert into OOTD.O_ORDER (ORDER_NO,RECEIVER_NAME,ORDER_ADDRESS,ORDER_DATE,ORDER_MEMO,TOTAL_PRICE,MEMBER_NO) values (400,'김황석','서울 강남구 가로수길 5 (신사동) 메롱',to_date('21/06/22','RR/MM/DD'),'없음',525000,26);
Insert into OOTD.O_ORDER (ORDER_NO,RECEIVER_NAME,ORDER_ADDRESS,ORDER_DATE,ORDER_MEMO,TOTAL_PRICE,MEMBER_NO) values (401,'김황석','서울 강남구 가로수길 5 (신사동) 메롱',to_date('21/06/22','RR/MM/DD'),'없음',3000,26);
Insert into OOTD.O_ORDER (ORDER_NO,RECEIVER_NAME,ORDER_ADDRESS,ORDER_DATE,ORDER_MEMO,TOTAL_PRICE,MEMBER_NO) values (402,'김황석','서울 강남구 가로수길 5 (신사동) 메롱',to_date('21/06/22','RR/MM/DD'),'없음',123,26);
REM INSERTING into OOTD.O_ORDER_LIST
SET DEFINE OFF;
Insert into OOTD.O_ORDER_LIST (ORDER_SIZE,ORDER_QUANTITY,ORDER_NO,PRODUCT_NO,ORDER_STATUS) values ('M',1,387,7,1);
Insert into OOTD.O_ORDER_LIST (ORDER_SIZE,ORDER_QUANTITY,ORDER_NO,PRODUCT_NO,ORDER_STATUS) values ('L',1,390,2,1);
Insert into OOTD.O_ORDER_LIST (ORDER_SIZE,ORDER_QUANTITY,ORDER_NO,PRODUCT_NO,ORDER_STATUS) values ('M',1,391,5,1);
Insert into OOTD.O_ORDER_LIST (ORDER_SIZE,ORDER_QUANTITY,ORDER_NO,PRODUCT_NO,ORDER_STATUS) values ('M',1,392,7,1);
Insert into OOTD.O_ORDER_LIST (ORDER_SIZE,ORDER_QUANTITY,ORDER_NO,PRODUCT_NO,ORDER_STATUS) values ('M',1,393,42,2);
Insert into OOTD.O_ORDER_LIST (ORDER_SIZE,ORDER_QUANTITY,ORDER_NO,PRODUCT_NO,ORDER_STATUS) values ('S',1,394,5,4);
Insert into OOTD.O_ORDER_LIST (ORDER_SIZE,ORDER_QUANTITY,ORDER_NO,PRODUCT_NO,ORDER_STATUS) values ('S',1,395,1,1);
Insert into OOTD.O_ORDER_LIST (ORDER_SIZE,ORDER_QUANTITY,ORDER_NO,PRODUCT_NO,ORDER_STATUS) values ('S',1,396,2,1);
Insert into OOTD.O_ORDER_LIST (ORDER_SIZE,ORDER_QUANTITY,ORDER_NO,PRODUCT_NO,ORDER_STATUS) values ('S',1,397,6,1);
Insert into OOTD.O_ORDER_LIST (ORDER_SIZE,ORDER_QUANTITY,ORDER_NO,PRODUCT_NO,ORDER_STATUS) values ('S',1,398,1,1);
Insert into OOTD.O_ORDER_LIST (ORDER_SIZE,ORDER_QUANTITY,ORDER_NO,PRODUCT_NO,ORDER_STATUS) values ('S',2,398,1,1);
Insert into OOTD.O_ORDER_LIST (ORDER_SIZE,ORDER_QUANTITY,ORDER_NO,PRODUCT_NO,ORDER_STATUS) values ('L',1,398,3,1);
Insert into OOTD.O_ORDER_LIST (ORDER_SIZE,ORDER_QUANTITY,ORDER_NO,PRODUCT_NO,ORDER_STATUS) values ('M',1,398,4,1);
Insert into OOTD.O_ORDER_LIST (ORDER_SIZE,ORDER_QUANTITY,ORDER_NO,PRODUCT_NO,ORDER_STATUS) values ('S',1,398,6,1);
Insert into OOTD.O_ORDER_LIST (ORDER_SIZE,ORDER_QUANTITY,ORDER_NO,PRODUCT_NO,ORDER_STATUS) values ('M',1,398,42,1);
Insert into OOTD.O_ORDER_LIST (ORDER_SIZE,ORDER_QUANTITY,ORDER_NO,PRODUCT_NO,ORDER_STATUS) values ('M',1,398,43,1);
Insert into OOTD.O_ORDER_LIST (ORDER_SIZE,ORDER_QUANTITY,ORDER_NO,PRODUCT_NO,ORDER_STATUS) values ('M',1,398,45,1);
Insert into OOTD.O_ORDER_LIST (ORDER_SIZE,ORDER_QUANTITY,ORDER_NO,PRODUCT_NO,ORDER_STATUS) values ('M',1,399,7,1);
Insert into OOTD.O_ORDER_LIST (ORDER_SIZE,ORDER_QUANTITY,ORDER_NO,PRODUCT_NO,ORDER_STATUS) values ('S',1,399,1,1);
Insert into OOTD.O_ORDER_LIST (ORDER_SIZE,ORDER_QUANTITY,ORDER_NO,PRODUCT_NO,ORDER_STATUS) values ('M',1,400,2,1);
Insert into OOTD.O_ORDER_LIST (ORDER_SIZE,ORDER_QUANTITY,ORDER_NO,PRODUCT_NO,ORDER_STATUS) values ('M',1,400,7,1);
Insert into OOTD.O_ORDER_LIST (ORDER_SIZE,ORDER_QUANTITY,ORDER_NO,PRODUCT_NO,ORDER_STATUS) values ('S',1,401,42,1);
Insert into OOTD.O_ORDER_LIST (ORDER_SIZE,ORDER_QUANTITY,ORDER_NO,PRODUCT_NO,ORDER_STATUS) values ('M',1,401,42,1);
Insert into OOTD.O_ORDER_LIST (ORDER_SIZE,ORDER_QUANTITY,ORDER_NO,PRODUCT_NO,ORDER_STATUS) values ('L',1,401,42,1);
Insert into OOTD.O_ORDER_LIST (ORDER_SIZE,ORDER_QUANTITY,ORDER_NO,PRODUCT_NO,ORDER_STATUS) values ('M',1,402,44,3);
REM INSERTING into OOTD.PRODUCT
SET DEFINE OFF;
Insert into OOTD.PRODUCT (PRODUCT_NO,PRODUCT_NAME,PRODUCT_DETAIL,PRODUCT_SIZEINFO,PRODUCT_SIZE,PRODUCT_PRICE,PRODUCT_STOCK_S,PRODUCT_STOCK_M,PRODUCT_STOCK_L,PRODUCT_TYPE,MEMBER_NO,PRODUCT_STATUS,PRODUCT_CATEGORY) values (45,'Nucksal Character Eco Bag - Natural','비스메이저 소속의 아티스트 넉살의 앨범 1Q87의 발매를 기념하여 제작된 머천다이즈 입니다.','white',null,38000,0,99,0,1,22,'Y',5);
Insert into OOTD.PRODUCT (PRODUCT_NO,PRODUCT_NAME,PRODUCT_DETAIL,PRODUCT_SIZEINFO,PRODUCT_SIZE,PRODUCT_PRICE,PRODUCT_STOCK_S,PRODUCT_STOCK_M,PRODUCT_STOCK_L,PRODUCT_TYPE,MEMBER_NO,PRODUCT_STATUS,PRODUCT_CATEGORY) values (1,'Hiroji Kubota Coaches Jacket','리차드슨과 국제적 사진가 집단 매그넘 포토의 협업 컬렉션입니다. 구보타 히로지(Hiroji Kubota) - Hiroji Kubota Coaches Jacket 히로지 구보타는 60년대부터 포토 저널리스트로 반전 시위부터 미국의 각종 정치 운동을 쫓았으며,이번 컬렉션에 사용된 그의 사진은 60년대 시카고에서 포착된 흑표당(Black Panther Party)의 거칠고 강한 움직임을 비추고있습니다','Color - Black','S, L',385000,4,null,230,1,1,'Y',1);
Insert into OOTD.PRODUCT (PRODUCT_NO,PRODUCT_NAME,PRODUCT_DETAIL,PRODUCT_SIZEINFO,PRODUCT_SIZE,PRODUCT_PRICE,PRODUCT_STOCK_S,PRODUCT_STOCK_M,PRODUCT_STOCK_L,PRODUCT_TYPE,MEMBER_NO,PRODUCT_STATUS,PRODUCT_CATEGORY) values (2,'Multi Check Half N Half Jacket','Contrasting check fabric 3-buttons blazer.  Notched lapel collar.  Button closure at front.  Welt pocket with black label at chest. Asymmetric pocket design. Body : Polyester 62% Rayon 35% Polyurethane 3%Lining : Polyester 100%','Color - Navy/Brown','S, M, L',256000,44,97,229,1,2,'Y',1);
Insert into OOTD.PRODUCT (PRODUCT_NO,PRODUCT_NAME,PRODUCT_DETAIL,PRODUCT_SIZEINFO,PRODUCT_SIZE,PRODUCT_PRICE,PRODUCT_STOCK_S,PRODUCT_STOCK_M,PRODUCT_STOCK_L,PRODUCT_TYPE,MEMBER_NO,PRODUCT_STATUS,PRODUCT_CATEGORY) values (3,'Laser Library Jeans','· Graphic of “Sadist Library”(JOEGUSH original graphic) Laser wash Cotton 100%','Color - Deep Blue','M, L',189000,null,15,6,1,3,'Y',2);
Insert into OOTD.PRODUCT (PRODUCT_NO,PRODUCT_NAME,PRODUCT_DETAIL,PRODUCT_SIZEINFO,PRODUCT_SIZE,PRODUCT_PRICE,PRODUCT_STOCK_S,PRODUCT_STOCK_M,PRODUCT_STOCK_L,PRODUCT_TYPE,MEMBER_NO,PRODUCT_STATUS,PRODUCT_CATEGORY) values (4,'Supplex Cargo Shorts','- Material : Nylon 66 70D 100% (Invista Supplex) - Weight : 210 g (M-Size)  - Parts : YKK Buckel, Zippers, Velcro','Color - Deep Blue Size - M-Size','S, M',112000,19,19,null,1,4,'Y',2);
Insert into OOTD.PRODUCT (PRODUCT_NO,PRODUCT_NAME,PRODUCT_DETAIL,PRODUCT_SIZEINFO,PRODUCT_SIZE,PRODUCT_PRICE,PRODUCT_STOCK_S,PRODUCT_STOCK_M,PRODUCT_STOCK_L,PRODUCT_TYPE,MEMBER_NO,PRODUCT_STATUS,PRODUCT_CATEGORY) values (5,'Loose Tapered Pants','OOSE TAPERED PANTS 그라미치의 인기 상품인 LOOSE TAPERED PANTS입니다. 허리부터 무릎까지 여유가 있고, 밑단으로 갈수록 슬림해지는 실루엣이 특징입니다.  DESIGN DETAIL  발목에서 떨어지는 크롭된 길이감과, 전면의 퍼티그 포켓이 특징입니다.',null,'S, M',119000,22,27,null,1,5,'Y',2);
Insert into OOTD.PRODUCT (PRODUCT_NO,PRODUCT_NAME,PRODUCT_DETAIL,PRODUCT_SIZEINFO,PRODUCT_SIZE,PRODUCT_PRICE,PRODUCT_STOCK_S,PRODUCT_STOCK_M,PRODUCT_STOCK_L,PRODUCT_TYPE,MEMBER_NO,PRODUCT_STATUS,PRODUCT_CATEGORY) values (6,'Basic Denim Pants','100% cotton',null,'S, L',98000,45,null,20,1,6,'Y',2);
Insert into OOTD.PRODUCT (PRODUCT_NO,PRODUCT_NAME,PRODUCT_DETAIL,PRODUCT_SIZEINFO,PRODUCT_SIZE,PRODUCT_PRICE,PRODUCT_STOCK_S,PRODUCT_STOCK_M,PRODUCT_STOCK_L,PRODUCT_TYPE,MEMBER_NO,PRODUCT_STATUS,PRODUCT_CATEGORY) values (7,'Leather Shadow RGS','MATERIAL Upper : Cow Leather 55%, Texttile 36.8%, Synthetic 8.2%  Lining : Texttile 100% Washing Instructions Professional washing service recommended','Color - W/White','M, L',269000,null,35,70,1,7,'Y',3);
Insert into OOTD.PRODUCT (PRODUCT_NO,PRODUCT_NAME,PRODUCT_DETAIL,PRODUCT_SIZEINFO,PRODUCT_SIZE,PRODUCT_PRICE,PRODUCT_STOCK_S,PRODUCT_STOCK_M,PRODUCT_STOCK_L,PRODUCT_TYPE,MEMBER_NO,PRODUCT_STATUS,PRODUCT_CATEGORY) values (8,'폴스미스 코튼 하와이안 반팔 셔츠','브랜드 제품명 : PAUL SMITH 하와이안 반팔 셔츠 / 컬러 : Multi / 소재 : 코튼 / 세탁법 : 드라이클리닝 권장  제품 상태 : 상품 사진 외 특별한 오염 및 데미지 없는 우수한 상태','어깨 45 / 가슴 54 / 암    홀 23 / 팔길이 22 / 총길이 72','L',88000,null,null,1,2,8,'Y',1);
Insert into OOTD.PRODUCT (PRODUCT_NO,PRODUCT_NAME,PRODUCT_DETAIL,PRODUCT_SIZEINFO,PRODUCT_SIZE,PRODUCT_PRICE,PRODUCT_STOCK_S,PRODUCT_STOCK_M,PRODUCT_STOCK_L,PRODUCT_TYPE,MEMBER_NO,PRODUCT_STATUS,PRODUCT_CATEGORY) values (9,'버버리 코튼 반팔 카라티','제품 정보 브랜드 제품명 : BURBERRY 반팔 카라티 / 컬러 : White / 소재 : 코튼 / 세탁법 : 드라이클리닝 권장 제품 상태 : 상품 사진 외 특별한 오염 및 데미지 없는 우수한 상태','어깨 45 / 가슴 55 / 암홀 26 / 팔길이 29 / 총길이 81','M',84000,null,1,null,2,9,'Y',1);
Insert into OOTD.PRODUCT (PRODUCT_NO,PRODUCT_NAME,PRODUCT_DETAIL,PRODUCT_SIZEINFO,PRODUCT_SIZE,PRODUCT_PRICE,PRODUCT_STOCK_S,PRODUCT_STOCK_M,PRODUCT_STOCK_L,PRODUCT_TYPE,MEMBER_NO,PRODUCT_STATUS,PRODUCT_CATEGORY) values (10,'빅 스미스 코튼 서스펜더 데님 팬츠','브랜드 제품명 : BIG SMITH 서스펜더 데님 팬츠 / 컬러 : Denim / 소재 : 코튼 / 세탁법 : 드라이클리닝 권장  제품 상태 : 상품 사진 외 특별한 오염 및 데미지 없는 우수한 상태','허리 41(32inch) / 밑위 36 / 허벅지 31 / 밑단 23 / 허리부터 총기장 113','S',55000,1,null,null,2,10,'Y',2);
Insert into OOTD.PRODUCT (PRODUCT_NO,PRODUCT_NAME,PRODUCT_DETAIL,PRODUCT_SIZEINFO,PRODUCT_SIZE,PRODUCT_PRICE,PRODUCT_STOCK_S,PRODUCT_STOCK_M,PRODUCT_STOCK_L,PRODUCT_TYPE,MEMBER_NO,PRODUCT_STATUS,PRODUCT_CATEGORY) values (11,'보헤미안 코튼 팬츠','브랜드 제품명 : BOHEMIANS 팬츠 / 컬러 : Multi / 소재 : 코튼 / 세탁법 : 드라이클리닝 권장  제품 상태 : 상품 사진 외 특별한 오염 및 데미지 없는 우수한 상태','허리 37(29inch) / 밑위 27 / 허벅지 30 / 밑단 22 / 총기장 102','M',32000,null,1,null,2,11,'Y',2);
Insert into OOTD.PRODUCT (PRODUCT_NO,PRODUCT_NAME,PRODUCT_DETAIL,PRODUCT_SIZEINFO,PRODUCT_SIZE,PRODUCT_PRICE,PRODUCT_STOCK_S,PRODUCT_STOCK_M,PRODUCT_STOCK_L,PRODUCT_TYPE,MEMBER_NO,PRODUCT_STATUS,PRODUCT_CATEGORY) values (12,'리 코튼 데님 클러치 백','브랜드 제품명 : LEE 데님 클러치 백 / 컬러 : Denim / 소재 : 코튼 / 세탁법 : 드라이클리닝 권장  제품 상태 : 상품 사진 외 특별한 오염 및 데미지 없는 우수한 상태','가로 35 / 세로 26 / 폭 2','S',28000,1,null,null,2,12,'Y',5);
Insert into OOTD.PRODUCT (PRODUCT_NO,PRODUCT_NAME,PRODUCT_DETAIL,PRODUCT_SIZEINFO,PRODUCT_SIZE,PRODUCT_PRICE,PRODUCT_STOCK_S,PRODUCT_STOCK_M,PRODUCT_STOCK_L,PRODUCT_TYPE,MEMBER_NO,PRODUCT_STATUS,PRODUCT_CATEGORY) values (13,'폴리 블랜드 토트 백','브랜드 제품명 : TOTE BAG 토트 백 / 컬러 : Beige / 소재 : 폴리 블랜드 / 세탁법 : 드라이클리닝 권장 제품 상태 : 상품 사진 외 특별한 오염 및 데미지 없는 우수한 상태','가로 48 / 세로 49 / 폭 4','M',32000,null,1,null,2,13,'Y',5);
Insert into OOTD.PRODUCT (PRODUCT_NO,PRODUCT_NAME,PRODUCT_DETAIL,PRODUCT_SIZEINFO,PRODUCT_SIZE,PRODUCT_PRICE,PRODUCT_STOCK_S,PRODUCT_STOCK_M,PRODUCT_STOCK_L,PRODUCT_TYPE,MEMBER_NO,PRODUCT_STATUS,PRODUCT_CATEGORY) values (14,'코튼 헌팅 캡','브랜드 제품명 : OCTAVE OCTAVE 헌팅 캡 / 컬러 : Beige / 소재 : 코튼 / 세탁법 : 드라이클리닝 권장 제품 상태 : 상품 사진 외 특별한 오염 및 데미지 없는 우수한 상태','57-59cm','M',20000,null,1,null,2,14,'Y',4);
Insert into OOTD.PRODUCT (PRODUCT_NO,PRODUCT_NAME,PRODUCT_DETAIL,PRODUCT_SIZEINFO,PRODUCT_SIZE,PRODUCT_PRICE,PRODUCT_STOCK_S,PRODUCT_STOCK_M,PRODUCT_STOCK_L,PRODUCT_TYPE,MEMBER_NO,PRODUCT_STATUS,PRODUCT_CATEGORY) values (15,'코튼 스냅백','브랜드 제품명 : CAPS 스냅백 / 컬러 : Multi / 소재 : 코튼 / 세탁법 : 드라이클리닝 권장 제품 상태 : 상품 사진 외 특별한 오염 및 데미지 없는 우수한 상태','58cm','M',15000,null,1,null,2,15,'Y',4);
Insert into OOTD.PRODUCT (PRODUCT_NO,PRODUCT_NAME,PRODUCT_DETAIL,PRODUCT_SIZEINFO,PRODUCT_SIZE,PRODUCT_PRICE,PRODUCT_STOCK_S,PRODUCT_STOCK_M,PRODUCT_STOCK_L,PRODUCT_TYPE,MEMBER_NO,PRODUCT_STATUS,PRODUCT_CATEGORY) values (41,'파리스','브랜드 : 파리스
구매가 : 10000000억원
구매장소 : 호주
구입시기 : 2020년
착용 횟수 :ㅇㅇㅇ
상태 : 
특이사항 : 
상품 링크 : 
            ','낄낄낄','S',100,1,null,null,2,26,'N',5);
Insert into OOTD.PRODUCT (PRODUCT_NO,PRODUCT_NAME,PRODUCT_DETAIL,PRODUCT_SIZEINFO,PRODUCT_SIZE,PRODUCT_PRICE,PRODUCT_STOCK_S,PRODUCT_STOCK_M,PRODUCT_STOCK_L,PRODUCT_TYPE,MEMBER_NO,PRODUCT_STATUS,PRODUCT_CATEGORY) values (42,'티 셔츠','거저 줌','대충','S, M, L',1000,99,97,99,1,22,'Y',1);
Insert into OOTD.PRODUCT (PRODUCT_NO,PRODUCT_NAME,PRODUCT_DETAIL,PRODUCT_SIZEINFO,PRODUCT_SIZE,PRODUCT_PRICE,PRODUCT_STOCK_S,PRODUCT_STOCK_M,PRODUCT_STOCK_L,PRODUCT_TYPE,MEMBER_NO,PRODUCT_STATUS,PRODUCT_CATEGORY) values (43,'Soeil Fitted S/S Tee - White','95% COTTON
5% POLYURETHANE','-test','S, M, L',45000,5,4,5,1,27,'Y',1);
Insert into OOTD.PRODUCT (PRODUCT_NO,PRODUCT_NAME,PRODUCT_DETAIL,PRODUCT_SIZEINFO,PRODUCT_SIZE,PRODUCT_PRICE,PRODUCT_STOCK_S,PRODUCT_STOCK_M,PRODUCT_STOCK_L,PRODUCT_TYPE,MEMBER_NO,PRODUCT_STATUS,PRODUCT_CATEGORY) values (44,'123','브랜드 :
구매가 :
구매장소 : 
구입시기 : 
착용 횟수 :
상태 : 
특이사항 : 
상품 링크 : 
            ',null,'M',123,0,0,0,2,26,'Y',1);
REM INSERTING into OOTD.PURCHASE
SET DEFINE OFF;
Insert into OOTD.PURCHASE (ORDER_NO,PURCHASE_STATUS,MEMBER_NO) values (387,1,22);
Insert into OOTD.PURCHASE (ORDER_NO,PURCHASE_STATUS,MEMBER_NO) values (390,1,22);
Insert into OOTD.PURCHASE (ORDER_NO,PURCHASE_STATUS,MEMBER_NO) values (391,1,22);
Insert into OOTD.PURCHASE (ORDER_NO,PURCHASE_STATUS,MEMBER_NO) values (392,1,26);
Insert into OOTD.PURCHASE (ORDER_NO,PURCHASE_STATUS,MEMBER_NO) values (393,2,26);
Insert into OOTD.PURCHASE (ORDER_NO,PURCHASE_STATUS,MEMBER_NO) values (394,3,26);
Insert into OOTD.PURCHASE (ORDER_NO,PURCHASE_STATUS,MEMBER_NO) values (395,1,26);
Insert into OOTD.PURCHASE (ORDER_NO,PURCHASE_STATUS,MEMBER_NO) values (396,1,26);
Insert into OOTD.PURCHASE (ORDER_NO,PURCHASE_STATUS,MEMBER_NO) values (397,1,26);
Insert into OOTD.PURCHASE (ORDER_NO,PURCHASE_STATUS,MEMBER_NO) values (398,1,22);
Insert into OOTD.PURCHASE (ORDER_NO,PURCHASE_STATUS,MEMBER_NO) values (399,1,26);
Insert into OOTD.PURCHASE (ORDER_NO,PURCHASE_STATUS,MEMBER_NO) values (400,1,26);
Insert into OOTD.PURCHASE (ORDER_NO,PURCHASE_STATUS,MEMBER_NO) values (401,1,26);
Insert into OOTD.PURCHASE (ORDER_NO,PURCHASE_STATUS,MEMBER_NO) values (402,3,26);
REM INSERTING into OOTD.REVIEW
SET DEFINE OFF;
Insert into OOTD.REVIEW (REVIEW_NO,REVIEW_CONTENTS,REVIEW_DATE,REVIEW_TITLE,MEMBER_NO,PRODUCT_NO,ORDER_NO) values (1,'수박먹고싶네?수박먹고싶네?수박먹고싶네?수박먹고싶네?수박먹고싶네?수박먹고싶네?수박먹고싶네?수박먹고싶네?수박먹고싶네?수박먹고싶네?수박먹고싶네?수박먹고싶네?수박먹고싶네?수박먹고싶네?수박먹고싶네?수박먹고싶네?수박먹고싶네?수박먹고싶네?수박먹고싶네?수박먹고싶네?수박먹고싶네?수박먹고싶네?수박먹고싶네?수박먹고싶네?수박먹고싶네?수박먹고싶네?수박먹고싶네?수박먹고싶네?수박먹고싶네?수박먹고싶네?수박먹고싶네?수박먹고싶네?수박먹고싶네?수박먹고싶네?',to_date('21/06/22','RR/MM/DD'),'수박먹고싶네',26,5,394);
REM INSERTING into OOTD.SALE_LIST
SET DEFINE OFF;
Insert into OOTD.SALE_LIST (ORDER_NO,SALE_STATUS,MEMBER_NO) values (387,1,22);
Insert into OOTD.SALE_LIST (ORDER_NO,SALE_STATUS,MEMBER_NO) values (390,1,22);
Insert into OOTD.SALE_LIST (ORDER_NO,SALE_STATUS,MEMBER_NO) values (391,1,22);
Insert into OOTD.SALE_LIST (ORDER_NO,SALE_STATUS,MEMBER_NO) values (392,1,26);
Insert into OOTD.SALE_LIST (ORDER_NO,SALE_STATUS,MEMBER_NO) values (393,1,26);
Insert into OOTD.SALE_LIST (ORDER_NO,SALE_STATUS,MEMBER_NO) values (394,3,26);
Insert into OOTD.SALE_LIST (ORDER_NO,SALE_STATUS,MEMBER_NO) values (395,1,26);
Insert into OOTD.SALE_LIST (ORDER_NO,SALE_STATUS,MEMBER_NO) values (396,1,26);
Insert into OOTD.SALE_LIST (ORDER_NO,SALE_STATUS,MEMBER_NO) values (397,1,26);
Insert into OOTD.SALE_LIST (ORDER_NO,SALE_STATUS,MEMBER_NO) values (398,1,22);
Insert into OOTD.SALE_LIST (ORDER_NO,SALE_STATUS,MEMBER_NO) values (399,1,26);
Insert into OOTD.SALE_LIST (ORDER_NO,SALE_STATUS,MEMBER_NO) values (400,1,26);
Insert into OOTD.SALE_LIST (ORDER_NO,SALE_STATUS,MEMBER_NO) values (401,1,26);
Insert into OOTD.SALE_LIST (ORDER_NO,SALE_STATUS,MEMBER_NO) values (402,1,26);
--------------------------------------------------------
--  DDL for Index PK_ATTACHMENT
--------------------------------------------------------

  CREATE UNIQUE INDEX "OOTD"."PK_ATTACHMENT" ON "OOTD"."ATTACHMENT" ("ATT_NO") 
  PCTFREE 10 INITRANS 2 MAXTRANS 255 COMPUTE STATISTICS 
  STORAGE(INITIAL 65536 NEXT 1048576 MINEXTENTS 1 MAXEXTENTS 2147483645
  PCTINCREASE 0 FREELISTS 1 FREELIST GROUPS 1 BUFFER_POOL DEFAULT FLASH_CACHE DEFAULT CELL_FLASH_CACHE DEFAULT)
  TABLESPACE "SYSTEM" ;
--------------------------------------------------------
--  DDL for Index PK_BANK
--------------------------------------------------------

  CREATE UNIQUE INDEX "OOTD"."PK_BANK" ON "OOTD"."BANK" ("BANK_CODE") 
  PCTFREE 10 INITRANS 2 MAXTRANS 255 COMPUTE STATISTICS 
  STORAGE(INITIAL 65536 NEXT 1048576 MINEXTENTS 1 MAXEXTENTS 2147483645
  PCTINCREASE 0 FREELISTS 1 FREELIST GROUPS 1 BUFFER_POOL DEFAULT FLASH_CACHE DEFAULT CELL_FLASH_CACHE DEFAULT)
  TABLESPACE "SYSTEM" ;
--------------------------------------------------------
--  DDL for Index SYS_C0011046
--------------------------------------------------------

  CREATE UNIQUE INDEX "OOTD"."SYS_C0011046" ON "OOTD"."BANK" ("BANK_NAME") 
  PCTFREE 10 INITRANS 2 MAXTRANS 255 COMPUTE STATISTICS 
  STORAGE(INITIAL 65536 NEXT 1048576 MINEXTENTS 1 MAXEXTENTS 2147483645
  PCTINCREASE 0 FREELISTS 1 FREELIST GROUPS 1 BUFFER_POOL DEFAULT FLASH_CACHE DEFAULT CELL_FLASH_CACHE DEFAULT)
  TABLESPACE "SYSTEM" ;
--------------------------------------------------------
--  DDL for Index PK_CART
--------------------------------------------------------

  CREATE UNIQUE INDEX "OOTD"."PK_CART" ON "OOTD"."CART" ("CART_NO") 
  PCTFREE 10 INITRANS 2 MAXTRANS 255 COMPUTE STATISTICS 
  STORAGE(INITIAL 65536 NEXT 1048576 MINEXTENTS 1 MAXEXTENTS 2147483645
  PCTINCREASE 0 FREELISTS 1 FREELIST GROUPS 1 BUFFER_POOL DEFAULT FLASH_CACHE DEFAULT CELL_FLASH_CACHE DEFAULT)
  TABLESPACE "SYSTEM" ;
--------------------------------------------------------
--  DDL for Index PK_MEMBER
--------------------------------------------------------

  CREATE UNIQUE INDEX "OOTD"."PK_MEMBER" ON "OOTD"."MEMBER" ("MEMBER_NO") 
  PCTFREE 10 INITRANS 2 MAXTRANS 255 COMPUTE STATISTICS 
  STORAGE(INITIAL 65536 NEXT 1048576 MINEXTENTS 1 MAXEXTENTS 2147483645
  PCTINCREASE 0 FREELISTS 1 FREELIST GROUPS 1 BUFFER_POOL DEFAULT FLASH_CACHE DEFAULT CELL_FLASH_CACHE DEFAULT)
  TABLESPACE "SYSTEM" ;
--------------------------------------------------------
--  DDL for Index SYS_C0011057
--------------------------------------------------------

  CREATE UNIQUE INDEX "OOTD"."SYS_C0011057" ON "OOTD"."MEMBER" ("MEMBER_ID") 
  PCTFREE 10 INITRANS 2 MAXTRANS 255 COMPUTE STATISTICS 
  STORAGE(INITIAL 65536 NEXT 1048576 MINEXTENTS 1 MAXEXTENTS 2147483645
  PCTINCREASE 0 FREELISTS 1 FREELIST GROUPS 1 BUFFER_POOL DEFAULT FLASH_CACHE DEFAULT CELL_FLASH_CACHE DEFAULT)
  TABLESPACE "SYSTEM" ;
--------------------------------------------------------
--  DDL for Index SYS_C0011058
--------------------------------------------------------

  CREATE UNIQUE INDEX "OOTD"."SYS_C0011058" ON "OOTD"."MEMBER" ("MEMBER_NICKNAME") 
  PCTFREE 10 INITRANS 2 MAXTRANS 255 COMPUTE STATISTICS 
  STORAGE(INITIAL 65536 NEXT 1048576 MINEXTENTS 1 MAXEXTENTS 2147483645
  PCTINCREASE 0 FREELISTS 1 FREELIST GROUPS 1 BUFFER_POOL DEFAULT FLASH_CACHE DEFAULT CELL_FLASH_CACHE DEFAULT)
  TABLESPACE "SYSTEM" ;
--------------------------------------------------------
--  DDL for Index SYS_C0011059
--------------------------------------------------------

  CREATE UNIQUE INDEX "OOTD"."SYS_C0011059" ON "OOTD"."MEMBER" ("MEMBER_PW") 
  PCTFREE 10 INITRANS 2 MAXTRANS 255 COMPUTE STATISTICS 
  STORAGE(INITIAL 65536 NEXT 1048576 MINEXTENTS 1 MAXEXTENTS 2147483645
  PCTINCREASE 0 FREELISTS 1 FREELIST GROUPS 1 BUFFER_POOL DEFAULT FLASH_CACHE DEFAULT CELL_FLASH_CACHE DEFAULT)
  TABLESPACE "SYSTEM" ;
--------------------------------------------------------
--  DDL for Index SYS_C0011060
--------------------------------------------------------

  CREATE UNIQUE INDEX "OOTD"."SYS_C0011060" ON "OOTD"."MEMBER" ("EMAIL") 
  PCTFREE 10 INITRANS 2 MAXTRANS 255 COMPUTE STATISTICS 
  STORAGE(INITIAL 65536 NEXT 1048576 MINEXTENTS 1 MAXEXTENTS 2147483645
  PCTINCREASE 0 FREELISTS 1 FREELIST GROUPS 1 BUFFER_POOL DEFAULT FLASH_CACHE DEFAULT CELL_FLASH_CACHE DEFAULT)
  TABLESPACE "SYSTEM" ;
--------------------------------------------------------
--  DDL for Index SYS_C0011061
--------------------------------------------------------

  CREATE UNIQUE INDEX "OOTD"."SYS_C0011061" ON "OOTD"."MEMBER" ("PHONE") 
  PCTFREE 10 INITRANS 2 MAXTRANS 255 COMPUTE STATISTICS 
  STORAGE(INITIAL 65536 NEXT 1048576 MINEXTENTS 1 MAXEXTENTS 2147483645
  PCTINCREASE 0 FREELISTS 1 FREELIST GROUPS 1 BUFFER_POOL DEFAULT FLASH_CACHE DEFAULT CELL_FLASH_CACHE DEFAULT)
  TABLESPACE "SYSTEM" ;
--------------------------------------------------------
--  DDL for Index SYS_C0011062
--------------------------------------------------------

  CREATE UNIQUE INDEX "OOTD"."SYS_C0011062" ON "OOTD"."MEMBER" ("ACCOUNT_NUMBER") 
  PCTFREE 10 INITRANS 2 MAXTRANS 255 COMPUTE STATISTICS 
  STORAGE(INITIAL 65536 NEXT 1048576 MINEXTENTS 1 MAXEXTENTS 2147483645
  PCTINCREASE 0 FREELISTS 1 FREELIST GROUPS 1 BUFFER_POOL DEFAULT FLASH_CACHE DEFAULT CELL_FLASH_CACHE DEFAULT)
  TABLESPACE "SYSTEM" ;
--------------------------------------------------------
--  DDL for Index PK_ORDER
--------------------------------------------------------

  CREATE UNIQUE INDEX "OOTD"."PK_ORDER" ON "OOTD"."O_ORDER" ("ORDER_NO") 
  PCTFREE 10 INITRANS 2 MAXTRANS 255 COMPUTE STATISTICS 
  STORAGE(INITIAL 65536 NEXT 1048576 MINEXTENTS 1 MAXEXTENTS 2147483645
  PCTINCREASE 0 FREELISTS 1 FREELIST GROUPS 1 BUFFER_POOL DEFAULT FLASH_CACHE DEFAULT CELL_FLASH_CACHE DEFAULT)
  TABLESPACE "SYSTEM" ;
--------------------------------------------------------
--  DDL for Index PK_PRODUCT
--------------------------------------------------------

  CREATE UNIQUE INDEX "OOTD"."PK_PRODUCT" ON "OOTD"."PRODUCT" ("PRODUCT_NO") 
  PCTFREE 10 INITRANS 2 MAXTRANS 255 COMPUTE STATISTICS 
  STORAGE(INITIAL 65536 NEXT 1048576 MINEXTENTS 1 MAXEXTENTS 2147483645
  PCTINCREASE 0 FREELISTS 1 FREELIST GROUPS 1 BUFFER_POOL DEFAULT FLASH_CACHE DEFAULT CELL_FLASH_CACHE DEFAULT)
  TABLESPACE "SYSTEM" ;
--------------------------------------------------------
--  DDL for Index SYS_C0011075
--------------------------------------------------------

  CREATE UNIQUE INDEX "OOTD"."SYS_C0011075" ON "OOTD"."PRODUCT" ("PRODUCT_NAME") 
  PCTFREE 10 INITRANS 2 MAXTRANS 255 COMPUTE STATISTICS 
  STORAGE(INITIAL 65536 NEXT 1048576 MINEXTENTS 1 MAXEXTENTS 2147483645
  PCTINCREASE 0 FREELISTS 1 FREELIST GROUPS 1 BUFFER_POOL DEFAULT FLASH_CACHE DEFAULT CELL_FLASH_CACHE DEFAULT)
  TABLESPACE "SYSTEM" ;
--------------------------------------------------------
--  DDL for Index PK_PURCHASE
--------------------------------------------------------

  CREATE UNIQUE INDEX "OOTD"."PK_PURCHASE" ON "OOTD"."PURCHASE" ("ORDER_NO") 
  PCTFREE 10 INITRANS 2 MAXTRANS 255 COMPUTE STATISTICS 
  STORAGE(INITIAL 65536 NEXT 1048576 MINEXTENTS 1 MAXEXTENTS 2147483645
  PCTINCREASE 0 FREELISTS 1 FREELIST GROUPS 1 BUFFER_POOL DEFAULT FLASH_CACHE DEFAULT CELL_FLASH_CACHE DEFAULT)
  TABLESPACE "SYSTEM" ;
--------------------------------------------------------
--  DDL for Index PK_REVIEW
--------------------------------------------------------

  CREATE UNIQUE INDEX "OOTD"."PK_REVIEW" ON "OOTD"."REVIEW" ("REVIEW_NO") 
  PCTFREE 10 INITRANS 2 MAXTRANS 255 COMPUTE STATISTICS 
  STORAGE(INITIAL 65536 NEXT 1048576 MINEXTENTS 1 MAXEXTENTS 2147483645
  PCTINCREASE 0 FREELISTS 1 FREELIST GROUPS 1 BUFFER_POOL DEFAULT FLASH_CACHE DEFAULT CELL_FLASH_CACHE DEFAULT)
  TABLESPACE "SYSTEM" ;
--------------------------------------------------------
--  DDL for Index PK_SALE_LIST
--------------------------------------------------------

  CREATE UNIQUE INDEX "OOTD"."PK_SALE_LIST" ON "OOTD"."SALE_LIST" ("ORDER_NO") 
  PCTFREE 10 INITRANS 2 MAXTRANS 255 COMPUTE STATISTICS 
  STORAGE(INITIAL 65536 NEXT 1048576 MINEXTENTS 1 MAXEXTENTS 2147483645
  PCTINCREASE 0 FREELISTS 1 FREELIST GROUPS 1 BUFFER_POOL DEFAULT FLASH_CACHE DEFAULT CELL_FLASH_CACHE DEFAULT)
  TABLESPACE "SYSTEM" ;
--------------------------------------------------------
--  DDL for Trigger TRG_PRODUCT_STOCK
--------------------------------------------------------

  CREATE OR REPLACE TRIGGER "OOTD"."TRG_PRODUCT_STOCK" 
AFTER INSERT
ON O_ORDER_LIST
FOR EACH ROW
    BEGIN
        IF :NEW.ORDER_SIZE = 'S'
        THEN 
            UPDATE PRODUCT
            SET PRODUCT_STOCK_S = 
            CASE 
                WHEN PRODUCT_STOCK_S - :NEW.ORDER_QUANTITY < 0 THEN 0
                WHEN PRODUCT_STOCK_S - :NEW.ORDER_QUANTITY >= 0 THEN PRODUCT_STOCK_S - :NEW.ORDER_QUANTITY
            END
            WHERE PRODUCT_NO = :NEW.PRODUCT_NO;
        END IF;
        IF :NEW.ORDER_SIZE = 'M' 
        THEN 
            UPDATE PRODUCT
            SET PRODUCT_STOCK_M = 
            CASE 
                WHEN PRODUCT_STOCK_M - :NEW.ORDER_QUANTITY < 0 THEN 0
                WHEN PRODUCT_STOCK_M - :NEW.ORDER_QUANTITY >= 0 THEN PRODUCT_STOCK_M - :NEW.ORDER_QUANTITY
            END
            WHERE PRODUCT_NO = :NEW.PRODUCT_NO;
        END IF;
        IF :NEW.ORDER_SIZE = 'L' 
        THEN 
            UPDATE PRODUCT
            SET PRODUCT_STOCK_L = 
            CASE 
                WHEN PRODUCT_STOCK_L - :NEW.ORDER_QUANTITY < 0 THEN 0
                WHEN PRODUCT_STOCK_L - :NEW.ORDER_QUANTITY >= 0 THEN PRODUCT_STOCK_L - :NEW.ORDER_QUANTITY
            END
            WHERE PRODUCT_NO = :NEW.PRODUCT_NO;
        END IF;
    END;

/
ALTER TRIGGER "OOTD"."TRG_PRODUCT_STOCK" ENABLE;
--------------------------------------------------------
--  DDL for Trigger TRG_ORDER_STATUS_REVIEW
--------------------------------------------------------

  CREATE OR REPLACE TRIGGER "OOTD"."TRG_ORDER_STATUS_REVIEW" 
AFTER INSERT
ON REVIEW
FOR EACH ROW
    BEGIN
        UPDATE O_ORDER_LIST
        SET ORDER_STATUS = 4
        WHERE :NEW.PRODUCT_NO = PRODUCT_NO
        AND :NEW.ORDER_NO = ORDER_NO;
    END;

/
ALTER TRIGGER "OOTD"."TRG_ORDER_STATUS_REVIEW" ENABLE;
--------------------------------------------------------
--  Constraints for Table ATTACHMENT
--------------------------------------------------------

  ALTER TABLE "OOTD"."ATTACHMENT" ADD CONSTRAINT "PK_ATTACHMENT" PRIMARY KEY ("ATT_NO")
  USING INDEX PCTFREE 10 INITRANS 2 MAXTRANS 255 COMPUTE STATISTICS 
  STORAGE(INITIAL 65536 NEXT 1048576 MINEXTENTS 1 MAXEXTENTS 2147483645
  PCTINCREASE 0 FREELISTS 1 FREELIST GROUPS 1 BUFFER_POOL DEFAULT FLASH_CACHE DEFAULT CELL_FLASH_CACHE DEFAULT)
  TABLESPACE "SYSTEM"  ENABLE;
  ALTER TABLE "OOTD"."ATTACHMENT" ADD CHECK (ATT_STATUS IN('Y','N')) ENABLE;
  ALTER TABLE "OOTD"."ATTACHMENT" ADD CONSTRAINT "SYS_C009443" CHECK (ATT_LEVEL IN('1','2','3','4')) ENABLE;
  ALTER TABLE "OOTD"."ATTACHMENT" MODIFY ("PRODUCT_NO" NOT NULL ENABLE);
  ALTER TABLE "OOTD"."ATTACHMENT" MODIFY ("ATT_STATUS" NOT NULL ENABLE);
  ALTER TABLE "OOTD"."ATTACHMENT" MODIFY ("ATT_NAME" NOT NULL ENABLE);
--------------------------------------------------------
--  Constraints for Table BANK
--------------------------------------------------------

  ALTER TABLE "OOTD"."BANK" ADD UNIQUE ("BANK_NAME")
  USING INDEX PCTFREE 10 INITRANS 2 MAXTRANS 255 COMPUTE STATISTICS 
  STORAGE(INITIAL 65536 NEXT 1048576 MINEXTENTS 1 MAXEXTENTS 2147483645
  PCTINCREASE 0 FREELISTS 1 FREELIST GROUPS 1 BUFFER_POOL DEFAULT FLASH_CACHE DEFAULT CELL_FLASH_CACHE DEFAULT)
  TABLESPACE "SYSTEM"  ENABLE;
  ALTER TABLE "OOTD"."BANK" ADD CONSTRAINT "PK_BANK" PRIMARY KEY ("BANK_CODE")
  USING INDEX PCTFREE 10 INITRANS 2 MAXTRANS 255 COMPUTE STATISTICS 
  STORAGE(INITIAL 65536 NEXT 1048576 MINEXTENTS 1 MAXEXTENTS 2147483645
  PCTINCREASE 0 FREELISTS 1 FREELIST GROUPS 1 BUFFER_POOL DEFAULT FLASH_CACHE DEFAULT CELL_FLASH_CACHE DEFAULT)
  TABLESPACE "SYSTEM"  ENABLE;
  ALTER TABLE "OOTD"."BANK" MODIFY ("BANK_NAME" NOT NULL ENABLE);
--------------------------------------------------------
--  Constraints for Table CART
--------------------------------------------------------

  ALTER TABLE "OOTD"."CART" ADD CONSTRAINT "PK_CART" PRIMARY KEY ("CART_NO")
  USING INDEX PCTFREE 10 INITRANS 2 MAXTRANS 255 COMPUTE STATISTICS 
  STORAGE(INITIAL 65536 NEXT 1048576 MINEXTENTS 1 MAXEXTENTS 2147483645
  PCTINCREASE 0 FREELISTS 1 FREELIST GROUPS 1 BUFFER_POOL DEFAULT FLASH_CACHE DEFAULT CELL_FLASH_CACHE DEFAULT)
  TABLESPACE "SYSTEM"  ENABLE;
  ALTER TABLE "OOTD"."CART" ADD CHECK (CART_SIZE IN('S','M','L')) ENABLE;
  ALTER TABLE "OOTD"."CART" MODIFY ("PRODUCT_NO" NOT NULL ENABLE);
  ALTER TABLE "OOTD"."CART" MODIFY ("CART_SIZE" NOT NULL ENABLE);
  ALTER TABLE "OOTD"."CART" MODIFY ("MEMBER_NO" NOT NULL ENABLE);
--------------------------------------------------------
--  Constraints for Table MEMBER
--------------------------------------------------------

  ALTER TABLE "OOTD"."MEMBER" ADD UNIQUE ("ACCOUNT_NUMBER")
  USING INDEX PCTFREE 10 INITRANS 2 MAXTRANS 255 COMPUTE STATISTICS 
  STORAGE(INITIAL 65536 NEXT 1048576 MINEXTENTS 1 MAXEXTENTS 2147483645
  PCTINCREASE 0 FREELISTS 1 FREELIST GROUPS 1 BUFFER_POOL DEFAULT FLASH_CACHE DEFAULT CELL_FLASH_CACHE DEFAULT)
  TABLESPACE "SYSTEM"  ENABLE;
  ALTER TABLE "OOTD"."MEMBER" ADD UNIQUE ("PHONE")
  USING INDEX PCTFREE 10 INITRANS 2 MAXTRANS 255 COMPUTE STATISTICS 
  STORAGE(INITIAL 65536 NEXT 1048576 MINEXTENTS 1 MAXEXTENTS 2147483645
  PCTINCREASE 0 FREELISTS 1 FREELIST GROUPS 1 BUFFER_POOL DEFAULT FLASH_CACHE DEFAULT CELL_FLASH_CACHE DEFAULT)
  TABLESPACE "SYSTEM"  ENABLE;
  ALTER TABLE "OOTD"."MEMBER" ADD UNIQUE ("EMAIL")
  USING INDEX PCTFREE 10 INITRANS 2 MAXTRANS 255 COMPUTE STATISTICS 
  STORAGE(INITIAL 65536 NEXT 1048576 MINEXTENTS 1 MAXEXTENTS 2147483645
  PCTINCREASE 0 FREELISTS 1 FREELIST GROUPS 1 BUFFER_POOL DEFAULT FLASH_CACHE DEFAULT CELL_FLASH_CACHE DEFAULT)
  TABLESPACE "SYSTEM"  ENABLE;
  ALTER TABLE "OOTD"."MEMBER" ADD UNIQUE ("MEMBER_NICKNAME")
  USING INDEX PCTFREE 10 INITRANS 2 MAXTRANS 255 COMPUTE STATISTICS 
  STORAGE(INITIAL 65536 NEXT 1048576 MINEXTENTS 1 MAXEXTENTS 2147483645
  PCTINCREASE 0 FREELISTS 1 FREELIST GROUPS 1 BUFFER_POOL DEFAULT FLASH_CACHE DEFAULT CELL_FLASH_CACHE DEFAULT)
  TABLESPACE "SYSTEM"  ENABLE;
  ALTER TABLE "OOTD"."MEMBER" ADD UNIQUE ("MEMBER_ID")
  USING INDEX PCTFREE 10 INITRANS 2 MAXTRANS 255 COMPUTE STATISTICS 
  STORAGE(INITIAL 65536 NEXT 1048576 MINEXTENTS 1 MAXEXTENTS 2147483645
  PCTINCREASE 0 FREELISTS 1 FREELIST GROUPS 1 BUFFER_POOL DEFAULT FLASH_CACHE DEFAULT CELL_FLASH_CACHE DEFAULT)
  TABLESPACE "SYSTEM"  ENABLE;
  ALTER TABLE "OOTD"."MEMBER" ADD CONSTRAINT "PK_MEMBER" PRIMARY KEY ("MEMBER_NO")
  USING INDEX PCTFREE 10 INITRANS 2 MAXTRANS 255 COMPUTE STATISTICS 
  STORAGE(INITIAL 65536 NEXT 1048576 MINEXTENTS 1 MAXEXTENTS 2147483645
  PCTINCREASE 0 FREELISTS 1 FREELIST GROUPS 1 BUFFER_POOL DEFAULT FLASH_CACHE DEFAULT CELL_FLASH_CACHE DEFAULT)
  TABLESPACE "SYSTEM"  ENABLE;
  ALTER TABLE "OOTD"."MEMBER" ADD CHECK (LOGIN_TYPE IN ('1','2')) ENABLE;
  ALTER TABLE "OOTD"."MEMBER" MODIFY ("LOGIN_TYPE" NOT NULL ENABLE);
  ALTER TABLE "OOTD"."MEMBER" MODIFY ("BRAND_NAME" NOT NULL ENABLE);
  ALTER TABLE "OOTD"."MEMBER" MODIFY ("ENROLL_DATE" NOT NULL ENABLE);
  ALTER TABLE "OOTD"."MEMBER" MODIFY ("ADDRESS" NOT NULL ENABLE);
  ALTER TABLE "OOTD"."MEMBER" MODIFY ("PHONE" NOT NULL ENABLE);
  ALTER TABLE "OOTD"."MEMBER" MODIFY ("EMAIL" NOT NULL ENABLE);
  ALTER TABLE "OOTD"."MEMBER" MODIFY ("MEMBER_PW" NOT NULL ENABLE);
  ALTER TABLE "OOTD"."MEMBER" MODIFY ("MEMBER_ID" NOT NULL ENABLE);
--------------------------------------------------------
--  Constraints for Table O_ORDER
--------------------------------------------------------

  ALTER TABLE "OOTD"."O_ORDER" ADD CONSTRAINT "PK_ORDER" PRIMARY KEY ("ORDER_NO")
  USING INDEX PCTFREE 10 INITRANS 2 MAXTRANS 255 COMPUTE STATISTICS 
  STORAGE(INITIAL 65536 NEXT 1048576 MINEXTENTS 1 MAXEXTENTS 2147483645
  PCTINCREASE 0 FREELISTS 1 FREELIST GROUPS 1 BUFFER_POOL DEFAULT FLASH_CACHE DEFAULT CELL_FLASH_CACHE DEFAULT)
  TABLESPACE "SYSTEM"  ENABLE;
  ALTER TABLE "OOTD"."O_ORDER" MODIFY ("MEMBER_NO" NOT NULL ENABLE);
  ALTER TABLE "OOTD"."O_ORDER" MODIFY ("TOTAL_PRICE" NOT NULL ENABLE);
  ALTER TABLE "OOTD"."O_ORDER" MODIFY ("ORDER_DATE" NOT NULL ENABLE);
  ALTER TABLE "OOTD"."O_ORDER" MODIFY ("ORDER_ADDRESS" NOT NULL ENABLE);
  ALTER TABLE "OOTD"."O_ORDER" MODIFY ("RECEIVER_NAME" NOT NULL ENABLE);
--------------------------------------------------------
--  Constraints for Table O_ORDER_LIST
--------------------------------------------------------

  ALTER TABLE "OOTD"."O_ORDER_LIST" MODIFY ("ORDER_STATUS" NOT NULL ENABLE);
  ALTER TABLE "OOTD"."O_ORDER_LIST" ADD CHECK (ORDER_SIZE IN('S','M','L')) ENABLE;
  ALTER TABLE "OOTD"."O_ORDER_LIST" MODIFY ("PRODUCT_NO" NOT NULL ENABLE);
  ALTER TABLE "OOTD"."O_ORDER_LIST" MODIFY ("ORDER_NO" NOT NULL ENABLE);
  ALTER TABLE "OOTD"."O_ORDER_LIST" MODIFY ("ORDER_QUANTITY" NOT NULL ENABLE);
  ALTER TABLE "OOTD"."O_ORDER_LIST" MODIFY ("ORDER_SIZE" NOT NULL ENABLE);
--------------------------------------------------------
--  Constraints for Table PRODUCT
--------------------------------------------------------

  ALTER TABLE "OOTD"."PRODUCT" ADD UNIQUE ("PRODUCT_NAME")
  USING INDEX PCTFREE 10 INITRANS 2 MAXTRANS 255 COMPUTE STATISTICS 
  STORAGE(INITIAL 65536 NEXT 1048576 MINEXTENTS 1 MAXEXTENTS 2147483645
  PCTINCREASE 0 FREELISTS 1 FREELIST GROUPS 1 BUFFER_POOL DEFAULT FLASH_CACHE DEFAULT CELL_FLASH_CACHE DEFAULT)
  TABLESPACE "SYSTEM"  ENABLE;
  ALTER TABLE "OOTD"."PRODUCT" ADD CONSTRAINT "PK_PRODUCT" PRIMARY KEY ("PRODUCT_NO")
  USING INDEX PCTFREE 10 INITRANS 2 MAXTRANS 255 COMPUTE STATISTICS 
  STORAGE(INITIAL 65536 NEXT 1048576 MINEXTENTS 1 MAXEXTENTS 2147483645
  PCTINCREASE 0 FREELISTS 1 FREELIST GROUPS 1 BUFFER_POOL DEFAULT FLASH_CACHE DEFAULT CELL_FLASH_CACHE DEFAULT)
  TABLESPACE "SYSTEM"  ENABLE;
  ALTER TABLE "OOTD"."PRODUCT" ADD CONSTRAINT "PRODUCT_CAETGORY" CHECK (PRODUCT_CATEGORY IN('1', '2', '3', '4', '5')) ENABLE;
  ALTER TABLE "OOTD"."PRODUCT" ADD CHECK (PRODUCT_STATUS IN('Y', 'N')) ENABLE;
  ALTER TABLE "OOTD"."PRODUCT" ADD CHECK (PRODUCT_TYPE IN('1', '2')) ENABLE;
  ALTER TABLE "OOTD"."PRODUCT" MODIFY ("PRODUCT_CATEGORY" NOT NULL ENABLE);
  ALTER TABLE "OOTD"."PRODUCT" MODIFY ("PRODUCT_STATUS" NOT NULL ENABLE);
  ALTER TABLE "OOTD"."PRODUCT" MODIFY ("MEMBER_NO" NOT NULL ENABLE);
  ALTER TABLE "OOTD"."PRODUCT" MODIFY ("PRODUCT_TYPE" NOT NULL ENABLE);
  ALTER TABLE "OOTD"."PRODUCT" MODIFY ("PRODUCT_PRICE" NOT NULL ENABLE);
  ALTER TABLE "OOTD"."PRODUCT" MODIFY ("PRODUCT_NAME" NOT NULL ENABLE);
--------------------------------------------------------
--  Constraints for Table PURCHASE
--------------------------------------------------------

  ALTER TABLE "OOTD"."PURCHASE" MODIFY ("PURCHASE_STATUS" NOT NULL ENABLE);
  ALTER TABLE "OOTD"."PURCHASE" MODIFY ("MEMBER_NO" NOT NULL ENABLE);
  ALTER TABLE "OOTD"."PURCHASE" ADD CHECK (PURCHASE_STATUS IN('1', '2', '3')) ENABLE;
  ALTER TABLE "OOTD"."PURCHASE" ADD CONSTRAINT "PK_PURCHASE" PRIMARY KEY ("ORDER_NO")
  USING INDEX PCTFREE 10 INITRANS 2 MAXTRANS 255 COMPUTE STATISTICS 
  STORAGE(INITIAL 65536 NEXT 1048576 MINEXTENTS 1 MAXEXTENTS 2147483645
  PCTINCREASE 0 FREELISTS 1 FREELIST GROUPS 1 BUFFER_POOL DEFAULT FLASH_CACHE DEFAULT CELL_FLASH_CACHE DEFAULT)
  TABLESPACE "SYSTEM"  ENABLE;
--------------------------------------------------------
--  Constraints for Table REVIEW
--------------------------------------------------------

  ALTER TABLE "OOTD"."REVIEW" MODIFY ("REVIEW_NO" NOT NULL ENABLE);
  ALTER TABLE "OOTD"."REVIEW" MODIFY ("REVIEW_CONTENTS" NOT NULL ENABLE);
  ALTER TABLE "OOTD"."REVIEW" MODIFY ("REVIEW_TITLE" NOT NULL ENABLE);
  ALTER TABLE "OOTD"."REVIEW" MODIFY ("MEMBER_NO" NOT NULL ENABLE);
  ALTER TABLE "OOTD"."REVIEW" MODIFY ("PRODUCT_NO" NOT NULL ENABLE);
  ALTER TABLE "OOTD"."REVIEW" MODIFY ("ORDER_NO" NOT NULL ENABLE);
  ALTER TABLE "OOTD"."REVIEW" ADD CONSTRAINT "PK_REVIEW" PRIMARY KEY ("REVIEW_NO")
  USING INDEX PCTFREE 10 INITRANS 2 MAXTRANS 255 COMPUTE STATISTICS 
  STORAGE(INITIAL 65536 NEXT 1048576 MINEXTENTS 1 MAXEXTENTS 2147483645
  PCTINCREASE 0 FREELISTS 1 FREELIST GROUPS 1 BUFFER_POOL DEFAULT FLASH_CACHE DEFAULT CELL_FLASH_CACHE DEFAULT)
  TABLESPACE "SYSTEM"  ENABLE;
--------------------------------------------------------
--  Constraints for Table SALE_LIST
--------------------------------------------------------

  ALTER TABLE "OOTD"."SALE_LIST" MODIFY ("SALE_STATUS" NOT NULL ENABLE);
  ALTER TABLE "OOTD"."SALE_LIST" MODIFY ("MEMBER_NO" NOT NULL ENABLE);
  ALTER TABLE "OOTD"."SALE_LIST" ADD CHECK (SALE_STATUS IN ('1', '2', '3')) ENABLE;
  ALTER TABLE "OOTD"."SALE_LIST" ADD CONSTRAINT "PK_SALE_LIST" PRIMARY KEY ("ORDER_NO")
  USING INDEX PCTFREE 10 INITRANS 2 MAXTRANS 255 COMPUTE STATISTICS 
  STORAGE(INITIAL 65536 NEXT 1048576 MINEXTENTS 1 MAXEXTENTS 2147483645
  PCTINCREASE 0 FREELISTS 1 FREELIST GROUPS 1 BUFFER_POOL DEFAULT FLASH_CACHE DEFAULT CELL_FLASH_CACHE DEFAULT)
  TABLESPACE "SYSTEM"  ENABLE;
--------------------------------------------------------
--  Ref Constraints for Table ATTACHMENT
--------------------------------------------------------

  ALTER TABLE "OOTD"."ATTACHMENT" ADD CONSTRAINT "FK_ATTACHMENT_PRODUCT_NO" FOREIGN KEY ("PRODUCT_NO")
	  REFERENCES "OOTD"."PRODUCT" ("PRODUCT_NO") ENABLE;
--------------------------------------------------------
--  Ref Constraints for Table CART
--------------------------------------------------------

  ALTER TABLE "OOTD"."CART" ADD CONSTRAINT "FK_CART_MEMBER_NO" FOREIGN KEY ("MEMBER_NO")
	  REFERENCES "OOTD"."MEMBER" ("MEMBER_NO") ENABLE;
  ALTER TABLE "OOTD"."CART" ADD CONSTRAINT "FK_CART_PRODUCT_NO" FOREIGN KEY ("PRODUCT_NO")
	  REFERENCES "OOTD"."PRODUCT" ("PRODUCT_NO") ENABLE;
--------------------------------------------------------
--  Ref Constraints for Table MEMBER
--------------------------------------------------------

  ALTER TABLE "OOTD"."MEMBER" ADD CONSTRAINT "FK_MEMBER_BANK_CODE" FOREIGN KEY ("BANK_CODE")
	  REFERENCES "OOTD"."BANK" ("BANK_CODE") ENABLE;
--------------------------------------------------------
--  Ref Constraints for Table O_ORDER
--------------------------------------------------------

  ALTER TABLE "OOTD"."O_ORDER" ADD CONSTRAINT "FK_ORDER_MEMBER_NO" FOREIGN KEY ("MEMBER_NO")
	  REFERENCES "OOTD"."MEMBER" ("MEMBER_NO") ON DELETE CASCADE ENABLE;
--------------------------------------------------------
--  Ref Constraints for Table O_ORDER_LIST
--------------------------------------------------------

  ALTER TABLE "OOTD"."O_ORDER_LIST" ADD CONSTRAINT "FK_ORDER_LIST_ORDER_NO" FOREIGN KEY ("ORDER_NO")
	  REFERENCES "OOTD"."O_ORDER" ("ORDER_NO") ON DELETE CASCADE ENABLE;
  ALTER TABLE "OOTD"."O_ORDER_LIST" ADD CONSTRAINT "FK_ORDER_LIST_PRODUCT_NO" FOREIGN KEY ("PRODUCT_NO")
	  REFERENCES "OOTD"."PRODUCT" ("PRODUCT_NO") ENABLE;
--------------------------------------------------------
--  Ref Constraints for Table PRODUCT
--------------------------------------------------------

  ALTER TABLE "OOTD"."PRODUCT" ADD CONSTRAINT "FK_PRODUCT_MEMBER_NO" FOREIGN KEY ("MEMBER_NO")
	  REFERENCES "OOTD"."MEMBER" ("MEMBER_NO") ON DELETE CASCADE ENABLE;
--------------------------------------------------------
--  Ref Constraints for Table PURCHASE
--------------------------------------------------------

  ALTER TABLE "OOTD"."PURCHASE" ADD CONSTRAINT "FK_PURCHASE_MEMBER_NO" FOREIGN KEY ("MEMBER_NO")
	  REFERENCES "OOTD"."MEMBER" ("MEMBER_NO") ON DELETE CASCADE ENABLE;
  ALTER TABLE "OOTD"."PURCHASE" ADD CONSTRAINT "FK_PURCHASE_ORDER_NO" FOREIGN KEY ("ORDER_NO")
	  REFERENCES "OOTD"."O_ORDER" ("ORDER_NO") ENABLE;
--------------------------------------------------------
--  Ref Constraints for Table REVIEW
--------------------------------------------------------

  ALTER TABLE "OOTD"."REVIEW" ADD CONSTRAINT "FK_REVIEW_MEMBER_NO" FOREIGN KEY ("MEMBER_NO")
	  REFERENCES "OOTD"."MEMBER" ("MEMBER_NO") ENABLE;
  ALTER TABLE "OOTD"."REVIEW" ADD CONSTRAINT "FK_REVIEW_ORDER_NO" FOREIGN KEY ("ORDER_NO")
	  REFERENCES "OOTD"."O_ORDER" ("ORDER_NO") ENABLE;
  ALTER TABLE "OOTD"."REVIEW" ADD CONSTRAINT "FK_REVIEW_PRODUCT_NO" FOREIGN KEY ("PRODUCT_NO")
	  REFERENCES "OOTD"."PRODUCT" ("PRODUCT_NO") ENABLE;
--------------------------------------------------------
--  Ref Constraints for Table SALE_LIST
--------------------------------------------------------

  ALTER TABLE "OOTD"."SALE_LIST" ADD CONSTRAINT "FK_SALE_LIST_MEMBER_NO" FOREIGN KEY ("MEMBER_NO")
	  REFERENCES "OOTD"."MEMBER" ("MEMBER_NO") ON DELETE CASCADE ENABLE;
  ALTER TABLE "OOTD"."SALE_LIST" ADD CONSTRAINT "FK_SALE_LIST_ORDER_NO" FOREIGN KEY ("ORDER_NO")
	  REFERENCES "OOTD"."O_ORDER" ("ORDER_NO") ENABLE;
